Workbook
Name _CEUS: [1]CEUS!$A$3:$C$21
Name _Plugs: '[1]CBECS-2003'!$A$3:$U$75

Sheet Space Types
A1: OS:SpaceType | N1: OS:People:Definition | AF1: OS:DesignSpecification:OutdoorAir | AR1: OS:ElectricEquipment:Definition | BB1: OS:Lights:Definition | BK1: OS:GasEquipment:Definition | BV1: OS:SpaceInfiltration:DesignFlowRate | CG1: OS:InternalMass:Definition
I2: OS:Rendering:Color | J2: OS:Rendering:Color | K2: OS:Rendering:Color | L2: OS:SpaceType | M2: OS:Schedule | P2: OS:People:Definition | U2: OS:Schedule | V2: OS:Schedule | W2: OS:Schedule | X2: OS:People:Definition | AC2: OS:People:Definition | AE2: OS:Schedule | AG2: OS:DesignSpecification:OutdoorAir | AI2: OS:DesignSpecification:OutdoorAir | AL2: OS:DesignSpecification:OutdoorAir | AQ2: OS:DesignSpecification:OutdoorAir | AS2: OS:ElectricEquipment:Definition | AT2: OS:ElectricEquipment:Definition | AU2: OS:ElectricEquipment:Definition | AV2: OS:ElectricEquipment:Definition | AZ2: OS:ElectricEquipment:Definition | BA2: OS:Schedule | BC2: OS:Lights:Definition | BD2: OS:Lights:Definition | BE2: OS:Lights:Definition | BI2: OS:Lights:Definition | BJ2: OS:Schedule | BM2: OS:GasEquipment:Definition | BN2: OS:GasEquipment:Definition | BO2: OS:GasEquipment:Definition | BP2: OS:GasEquipment:Definition | BT2: OS:GasEquipment:Definition | BU2: OS:Schedule | BW2: OS:SpaceInfiltration:DesignFlowRate | BX2: OS:SpaceInfiltration:DesignFlowRate | CC2: OS:SpaceInfiltration:DesignFlowRate | CD2: OS:Schedule | CG2: OS:InternalMass:Definition | CH2: OS:InternalMass:Definition | CI2: OS:InternalMass:Definition | CJ2: OS:Material | CK2: OS:Material | CL2: OS:Material | CM2: OS:Material | CN2: OS:Material | CO2: OS:Material | CP2: OS:Material | CQ2: OS:Material | CR2: OS:Construction and OS:Material | CW2: OS:InternalMass:Definition
A3: CATEGORY | B3: !- Standards Template | C3: !- Standards Building Type | D3: !- Standards Space Type | E3: OpenStudio_Standards.xlsx | F3: Code Year | G3: State | H3: Code | I3: !- Rendering Red Value | J3: !- Rendering Green Value | K3: !- Rendering Blue Value | L3: !- Name | M3: Schedule Set !- Name | N3: OCCUPANT DENSITY FT2/person | O3: OCCUPANT DENSITY #/1000 FT2 | P3: !- People per Space Floor Area {person/m2} | Q3: Sensible Heat Gain (Btu/h-person) | R3: Sensible Heat Gain (W/person) | S3: Latent Heat Gain (Btu/h-person) | T3: Latent Heat Gain (W/person) | U3: Summer Design Day Total Heat Gain (W/person) | V3: Winter Design Day Total Heat Gain (W/person) | W3: Default Day Total Heat Gain (W/person) | X3: !- Sensible Heat Fraction | Y3: Source_1 | Z3: Additional Info_1 | AA3: Source_2 | AB3: Additional Info_2 | AC3: !- Name | AD3: !- Number of People Schedule Name | AE3: Occupancy Activity Schedule !- Name | AF3: PEOPLE OUTDOOR AIRFLOW RATE IN BREATHING ZONE Rp CFM/PERSON | AG3: !- Outdoor Air Flow per Person {m3/s-person} | AH3: AREA OUTDOOR AIRFLOW RATE IN BREATHING ZONE Ra CFM/FT2a | AI3: !- Outdoor Air Flow per Floor Area {m3/s-m2} | AJ3: EXHAUST AIRFLOW RATE CFM/FT 2 | AK3: EXHAUST AIRFLOW RATE m3/s-m2 | AL3: !- Outdoor Air Flow Air Changes per Hour {1/hr} | AM3: Source_1 | AN3: Additional Info_1 | AO3: Source_2 | AP3: Additional Info_2 | AQ3: !- Name | AR3: Default Power Density (W/ft2) | AS3: !- Watts per Space Floor Area {W/m2} | AT3: !- Fraction Latent | AU3: !- Fraction Radiant | AV3: !- Fraction Lost | AW3: Source_1 | AX3: Source_2 | AY3: Additional Info | AZ3: !- Name | BA3: Electric Equipment Schedule | BB3: Default Power Density (W/ft2) | BC3: !- Watts per Space Floor Area {W/m2} | BD3: !- Fraction Radiant | BE3: !- Fraction Visible | BF3: Source_1 | BG3: Source_2 | BH3: Additional Info | BI3: !- Name | BJ3: Lighting Schedule | BK3: Interior Gas Appliance Power Density (W/ft2) | BL3: Interior Gas Appliance Power Density (Btu/h-ft2) | BM3: !- Power per Zone Floor Area {W/m2} | BN3: !- Fraction Latent | BO3: !- Fraction Radiant | BP3: !- Fraction Lost | BQ3: Source_1 | BR3: Source_2 | BS3: Additional Info | BT3: !- Name | BU3: Gas Equipment Schedule | BV3: Infiltration per Exterior Area (ft^3/min*ft^2 ext) | BW3: !- Air Changes per Hour {1/hr} | BX3: !- Flow per Exterior Surface Area {m3/s-m2} | BY3: Source_1 | BZ3: Additional Info_1 | CA3: Source_2 | CB3: Additional Info_2 | CC3: !- Name | CD3: Infiltration Schedule | CE3: Building Type | CF3: Space Type | CG3: !- Surface Area {m2} | CH3: !- Surface Area per Space Floor Area {dimensionless} | CI3: !- Surface Area per Person {m2/person} | CJ3: !- Roughness | CK3: !- Thickness {m} | CL3: !- Conductivity {W/m-K} | CM3: !- Density {kg/m3} | CN3: !- Specific Heat {J/kg-K} | CO3: !- Thermal Absorptance | CP3: !- Solar Absorptance | CQ3: !- Visible Absorptance | CR3: !- Name | CS3: Source_1 | CT3: Additional Info_1 | CU3: Source_2 | CV3: Additional Info_2 | CW3: !- Name
A4: d83d8e85-c973-43f1-8010-e8f36dc62725 | B4: 464b7a91-abc0-48af-b607-07922fa703df | C4: 789d7a7f-91a3-4dde-9310-9a74c14d32e5 | D4: c3101f12-7b66-41ad-90b5-0c5afec65227 | I4: bb3bf4f1-c80b-43b9-93a6-263313c59141 | J4: f48c2a4a-3151-4163-b625-b93c6c227f62 | K4: 35292a8f-2c31-428e-b12b-ecb42e41f30c | L4: c318426a-e0cf-4c00-830e-9470f81507bb | M4: 36715673-fabf-4b26-bcb3-54efccbcf6ca | P4: 1f550d2e-d956-4855-8f6c-850193633ba2 | U4: f70f21e0-e825-4f34-a3a0-3417ba47b289 | V4: 0a44a70a-025f-4b95-b067-1905cd773228 | W4: f3e926b6-9054-43e5-b214-72715fea5476 | X4: 7e5f790a-2539-4f59-b04d-75858ff1caa0 | AC4: 0e52365f-0968-4865-98c8-5a391db72fe1 | AD4: 729982cd-0e35-4f56-90dd-aa3ce52c45a4 | AE4: 7c329b17-a9b9-429d-87d6-8d696bb1a0f1 | AG4: a791e0a0-108f-4ea5-ac55-ffbc9ef41f04 | AI4: 03d16ff5-015b-4c1f-89e1-fb9e8f3c323e | AL4: 41dd9f25-8df0-46e6-9f29-cceef9210ae8 | AQ4: f8a27cd2-f746-4301-a112-59d13e40d78d | AS4: dd740279-a043-472e-9440-1247838bdebd | AT4: 93c3190c-58c6-4fa6-b31d-e972f017b622 | AU4: e7668a0e-eeeb-49fe-b68d-e4673ff0492f | AV4: 17a128c0-8bb3-42fe-8fa8-e9b6c9857c61 | AZ4: 88a913cc-2e7a-402c-8f68-e04d9aea2bfe | BA4: 922e17af-4f99-4a08-92d5-c8797f685f91 | BC4: da106b8e-74c8-48ae-9585-c42116b2ba37 | BD4: 37274c8e-ef2a-4273-be16-1568ef1010d8 | BE4: 2f6014cb-8ffd-48ef-8c06-e2f22e8f09fb | BI4: 8cd22776-3059-4312-be9f-414a4cc9a5d4 | BJ4: 06a4bb43-86fe-4d0d-b323-df7f797ddedf | BM4: 75657b05-6269-49ed-9dde-0685e47cd2e8 | BN4: d7a052b3-0fd2-4248-aceb-14699019a4a4 | BO4: fa38e540-d001-49d9-b3f1-d1a707fc1579 | BP4: 297cff0e-3751-4d1e-8c51-b492f8bae160 | BT4: 4478951e-a465-46c5-913d-bcea7a66cb2a | BU4: be6b6705-67ab-46ec-a6e5-80adf6c48c0a | BW4: 306e4282-557a-4c79-a31e-dbe513817f52 | BX4: 821df950-1005-42a1-bb71-94e21d06f843 | CC4: f0b3db32-813a-495e-9ca0-dde8056737c8 | CD4: 94e29b50-ba90-424a-98b8-c2dc37ad1d28 | CG4: 620be5d0-583e-43e9-b3de-0b70c7cf5176 | CH4: 953b161f-1acf-4fc3-a393-bdce6b3c5153 | CI4: b80aad76-63a0-4cbf-802e-5e89b172c4f9 | CJ4: 1bd0cfbf-ead3-4e72-b15b-e4980f9b59db | CK4: dc1f4078-c6b5-4ccb-a537-4da64d413107 | CL4: cff5961c-e380-4d30-9a4d-0bfdf353115f | CM4: 5a6d7588-d7ab-4a8a-be29-d0e69477a2d9 | CN4: 51ff4529-089d-43c6-90c4-e6bdcb13b9fe | CO4: dc5451c6-9cf1-4680-bb77-8c264cd2f1ec | CP4: 50e1157d-9579-4ef9-b50e-099cefad7e0f | CQ4: 2810bb86-71f1-4ece-94e6-b7427b2274ef | CR4: feb23d72-7ec3-4505-84ec-987e02009258 | CW4: 65c47774-d0bf-4ce9-ba77-1b1304459dc7
A5: BA Automotive Facility | B5: =CONCATENATE(F5,"_",G5,"_",H5) -> 2025_AU_NCC | C5: =MID(A5,4,80) -> Automotive Facility | D5: Whole Building | E5: WholeBuilding | F5: 2025 | G5: AU | H5: NCC | I5: 255 | J5: 255 | K5: 255 | L5: =CONCATENATE(A5,"_",F5,G5,H5) -> BA Automotive Facility_2025AUNCC | M5: =CONCATENATE(L5,"ScheduleSet") -> BA Automotive Facility_2025AUNCCScheduleSet | N5: 143 | O5: 6.993007 | P5: 0.075272133 | Q5: 255.91 | R5: 75 | S5: 187.67 | T5: 55 | W5: 130 | X5: 0.57692308 | Y5: NCC S35C2n | Z5: Other applications (non-dining) | AC5: =CONCATENATE(Y5,Z5,AA5,AB5,A5,"PeopleDef") -> NCC S35C2nOther applications (non-dining)BA Automotive FacilityPeopleDef | AD5: NECB-E-Occupancy | AE5: =CONCATENATE(A5,"Activity") -> BA Automotive FacilityActivity | AH5: 0.25 | AI5: =AH5*0.00508 -> 0.00127 | AM5: COMNET-REV9 | AN5: WholeBuilding | AQ5: =CONCATENATE(AM5,AN5,AO5,AP5,A5,"Vent") -> COMNET-REV9WholeBuildingBA Automotive FacilityVent | AR5: 0 | AS5: 0 | AT5: 0 | AU5: 0.5 | AV5: 0 | AW5: NCC S35C2l | AX5: NREL 956/Eley Analysis | AY5: Class 8 (Automotive/other applications) - no equipment load per S35C2l; radiant/latent/lost fraction split retained from original WA/COMNET-REV9 source (AIRAH Technical Handbook does not publish this split) | AZ5: =CONCATENATE(AW5,AX5,AY5,A5,"ElectricalEquipDef") -> NCC S35C2lNREL 956/Eley AnalysisClass 8 (Automotive/other applications) - no equipment load per S35C2l; radiant/latent/lost fraction split retained from original WA/COMNET-REV9 source (AIRAH Technical Handbook does not publish this split)BA Automotive FacilityElectricalEquipDef | BA5: NECB-E-Electric-Equipment | BB5: 0.73 | BC5: 7.85765 | BD5: 0.37 | BE5: 0.2 | BF5: IECC Table C405.3.2(1) | BH5: Automotive facility; radiant/visible fraction split retained from original WA/COMNET-REV9 source | BI5: =CONCATENATE(BF5,BG5,BH5,"LightingDef") -> IECC Table C405.3.2(1)Automotive facility; radiant/visible fraction split retained from original WA/COMNET-REV9 sourceLightingDef | BJ5: NECB-E-Lighting | BK5: 0.22081614 | BL5: 0.75342466 | BM5: 8.109863 | BN5: 0 | BO5: 0.75 | BP5: 0.25 | BQ5: COMNET-REV9 | BR5: California Commercial End-Use Survey (CEUS) | BS5: 93%ThermEffRadiant | BT5: =CONCATENATE(BQ5,BR5,BS5,A5,"GasEquipDef") -> COMNET-REV9California Commercial End-Use Survey (CEUS)93%ThermEffRadiantBA Automotive FacilityGasEquipDef | BU5: NECB-E-Electric-Equipment | BW5: 0.7 | BY5: NCC S34C2(6) | BZ5: 0.7 ACH assumed as design infiltration for periods without mechanical outdoor air supply; NCC also specifies 0.35 ACH when mechanical OA is operating (to be applied via infiltration schedule once developed) | CB5: =CONCATENATE(CE5,"_",CF5) -> Automotive facility_WholeBuilding | CC5: =CONCATENATE(BY5,BZ5,A5,"Infil") -> NCC S34C2(6)0.7 ACH assumed as design infiltration for periods without mechanical outdoor air supply; NCC also specifies 0.35 ACH when mechanical OA is operating (to be applied via infiltration schedule once developed)BA Automotive FacilityInfil | CD5: Always On | CE5: Automotive facility | CF5: WholeBuilding | CH5: 2 | CJ5: MediumSmooth | CK5: 0.15 | CL5: 0.12 | CM5: 540 | CN5: 1210 | CO5: 0.9 | CP5: 0.7 | CQ5: 0.7 | CR5: Std Wood 6inch | CS5: OpenStudio-Prototype-Buildings | CV5: =CR5 -> Std Wood 6inch | CW5: =CONCATENATE(CS5,CT5,CU5,CV5,"InternalMassDef") -> OpenStudio-Prototype-BuildingsStd Wood 6inchInternalMassDef
A6: BA Convention Center | B6: =CONCATENATE(F6,"_",G6,"_",H6) -> 2025_AU_NCC | C6: =MID(A6,4,80) -> Convention Center | D6: Whole Building | E6: WholeBuilding | F6: 2025 | G6: AU | H6: NCC | I6: 255 | J6: 255 | K6: 255 | L6: =CONCATENATE(A6,"_",F6,G6,H6) -> BA Convention Center_2025AUNCC | M6: =CONCATENATE(L6,"ScheduleSet") -> BA Convention Center_2025AUNCCScheduleSet | N6: 20 | O6: 50 | P6: 0.53819575 | Q6: 255.91 | R6: 75 | S6: 187.67 | T6: 55 | W6: 130 | X6: 0.57692308 | Y6: NCC S35C2n | Z6: Other applications (non-dining) | AC6: =CONCATENATE(Y6,Z6,AA6,AB6,A6,"PeopleDef") -> NCC S35C2nOther applications (non-dining)BA Convention CenterPeopleDef | AD6: NECB-C-Occupancy | AE6: =CONCATENATE(A6,"Activity") -> BA Convention CenterActivity | AH6: 0.31 | AI6: =AH6*0.00508 -> 0.0015748 | AM6: COMNET-REV9 | AN6: WholeBuilding | AQ6: =CONCATENATE(AM6,AN6,AO6,AP6,A6,"Vent") -> COMNET-REV9WholeBuildingBA Convention CenterVent | AR6: 0.74760799 | AS6: 8.0472524 | AT6: 0 | AU6: 0.5 | AV6: 0 | AW6: COMNET-REV9 | AX6: NREL 956/Eley Analysis | AY6: DOEPrototype | AZ6: =CONCATENATE(AW6,AX6,AY6,A6,"ElectricalEquipDef") -> COMNET-REV9NREL 956/Eley AnalysisDOEPrototypeBA Convention CenterElectricalEquipDef | BA6: NECB-C-Electric-Equipment | BB6: 0.743224 | BC6: 8 | BD6: 0.37 | BE6: 0.2 | BF6: NCC J7D3a | BH6: Auditorium, church and public hall (nearest; Class 9b conference has a special 150W/room+10W/person provision, not populated pending room-count assumption); radiant/visible fraction split retained from original WA/COMNET-REV9 source (AIRAH Technical Handbook does not publish this split) | BI6: =CONCATENATE(BF6,BG6,BH6,"LightingDef") -> NCC J7D3aAuditorium, church and public hall (nearest; Class 9b conference has a special 150W/room+10W/person provision, not populated pending room-count assumption); radiant/visible fraction split retained from original WA/COMNET-REV9 source (AIRAH Technical Handbook does not publish this split)LightingDef | BJ6: NECB-C-Lighting | BK6: 0.006691398 | BL6: 0.02283105 | BM6: 0.24575342 | BN6: 0 | BO6: 0.75 | BP6: 0.25 | BQ6: COMNET-REV9 | BR6: California Commercial End-Use Survey (CEUS) | BS6: 93%ThermEffRadiant | BT6: =CONCATENATE(BQ6,BR6,BS6,A6,"GasEquipDef") -> COMNET-REV9California Commercial End-Use Survey (CEUS)93%ThermEffRadiantBA Convention CenterGasEquipDef | BU6: NECB-C-Electric-Equipment | BW6: 0.7 | BY6: NCC S34C2(6) | BZ6: 0.7 ACH assumed as design infiltration for periods without mechanical outdoor air supply; NCC also specifies 0.35 ACH when mechanical OA is operating (to be applied via infiltration schedule once developed) | CB6: =CONCATENATE(CE6,"_",CF6) -> Convention centre_WholeBuilding | CC6: =CONCATENATE(BY6,BZ6,A6,"Infil") -> NCC S34C2(6)0.7 ACH assumed as design infiltration for periods without mechanical outdoor air supply; NCC also specifies 0.35 ACH when mechanical OA is operating (to be applied via infiltration schedule once developed)BA Convention CenterInfil | CD6: Always On | CE6: Convention centre | CF6: WholeBuilding | CH6: 2 | CJ6: MediumSmooth | CK6: 0.15 | CL6: 0.12 | CM6: 540 | CN6: 1210 | CO6: 0.9 | CP6: 0.7 | CQ6: 0.7 | CR6: Std Wood 6inch | CS6: OpenStudio-Prototype-Buildings | CV6: =CR6 -> Std Wood 6inch | CW6: =CONCATENATE(CS6,CT6,CU6,CV6,"InternalMassDef") -> OpenStudio-Prototype-BuildingsStd Wood 6inchInternalMassDef
A7: BA Courthouse | B7: =CONCATENATE(F7,"_",G7,"_",H7) -> 2025_AU_NCC | C7: =MID(A7,4,80) -> Courthouse | D7: Whole Building | E7: WholeBuilding | F7: 2025 | G7: AU | H7: NCC | I7: 255 | J7: 255 | K7: 255 | L7: =CONCATENATE(A7,"_",F7,G7,H7) -> BA Courthouse_2025AUNCC | M7: =CONCATENATE(L7,"ScheduleSet") -> BA Courthouse_2025AUNCCScheduleSet | N7: 14 | O7: 71.428571 | P7: 0.76885108 | Q7: 255.91 | R7: 75 | S7: 187.67 | T7: 55 | W7: 130 | X7: 0.57692308 | Y7: NCC S35C2n | Z7: Other applications (non-dining) | AC7: =CONCATENATE(Y7,Z7,AA7,AB7,A7,"PeopleDef") -> NCC S35C2nOther applications (non-dining)BA CourthousePeopleDef | AD7: NECB-A-Occupancy | AE7: =CONCATENATE(A7,"Activity") -> BA CourthouseActivity | AH7: 0.41 | AI7: =AH7*0.00508 -> 0.0020828 | AM7: COMNET-REV9 | AN7: WholeBuilding | AQ7: =CONCATENATE(AM7,AN7,AO7,AP7,A7,"Vent") -> COMNET-REV9WholeBuildingBA CourthouseVent | AR7: 0 | AS7: 0 | AT7: 0 | AU7: 0.5 | AV7: 0 | AW7: NCC S35C2l | AX7: NREL 956/Eley Analysis | AY7: Class 9b special (Other applications) - no equipment load per S35C2l; radiant/latent/lost fraction split retained from original WA/COMNET-REV9 source (AIRAH Technical Handbook does not publish this split) | AZ7: =CONCATENATE(AW7,AX7,AY7,A7,"ElectricalEquipDef") -> NCC S35C2lNREL 956/Eley AnalysisClass 9b special (Other applications) - no equipment load per S35C2l; radiant/latent/lost fraction split retained from original WA/COMNET-REV9 source (AIRAH Technical Handbook does not publish this split)BA CourthouseElectricalEquipDef | BA7: NECB-A-Electric-Equipment | BB7: 0.418064 | BC7: 4.5 | BD7: 0.37 | BE7: 0.2 | BF7: NCC J7D3a | BH7: Courtroom; radiant/visible fraction split retained from original WA/COMNET-REV9 source (AIRAH Technical Handbook does not publish this split) | BI7: =CONCATENATE(BF7,BG7,BH7,"LightingDef") -> NCC J7D3aCourtroom; radiant/visible fraction split retained from original WA/COMNET-REV9 source (AIRAH Technical Handbook does not publish this split)LightingDef | BJ7: NECB-A-Lighting | BK7: 0.050185486 | BL7: 0.17123288 | BM7: 1.8431507 | BN7: 0.01 | BO7: 0.4 | BP7: 0.4 | BQ7: COMNET-REV9 | BR7: California Commercial End-Use Survey (CEUS) | BS7: 60%ThermEffProcess | BT7: =CONCATENATE(BQ7,BR7,BS7,A7,"GasEquipDef") -> COMNET-REV9California Commercial End-Use Survey (CEUS)60%ThermEffProcessBA CourthouseGasEquipDef | BU7: NECB-A-Electric-Equipment | BW7: 0.7 | BY7: NCC S34C2(6) | BZ7: 0.7 ACH assumed as design infiltration for periods without mechanical outdoor air supply; NCC also specifies 0.35 ACH when mechanical OA is operating (to be applied via infiltration schedule once developed) | CB7: =CONCATENATE(CE7,"_",CF7) -> Courthouse_WholeBuilding | CC7: =CONCATENATE(BY7,BZ7,A7,"Infil") -> NCC S34C2(6)0.7 ACH assumed as design infiltration for periods without mechanical outdoor air supply; NCC also specifies 0.35 ACH when mechanical OA is operating (to be applied via infiltration schedule once developed)BA CourthouseInfil | CD7: Always On | CE7: Courthouse | CF7: WholeBuilding | CH7: 2 | CJ7: MediumSmooth | CK7: 0.15 | CL7: 0.12 | CM7: 540 | CN7: 1210 | CO7: 0.9 | CP7: 0.7 | CQ7: 0.7 | CR7: Std Wood 6inch | CS7: OpenStudio-Prototype-Buildings | CV7: =CR7 -> Std Wood 6inch | CW7: =CONCATENATE(CS7,CT7,CU7,CV7,"InternalMassDef") -> OpenStudio-Prototype-BuildingsStd Wood 6inchInternalMassDef
A8: BA Dining: Bar Lounge/Leisure | B8: =CONCATENATE(F8,"_",G8,"_",H8) -> 2025_AU_NCC | C8: =MID(A8,4,80) -> Dining: Bar Lounge/Leisure | D8: Whole Building | E8: WholeBuilding | F8: 2025 | G8: AU | H8: NCC | I8: 255 | J8: 255 | K8: 255 | L8: =CONCATENATE(A8,"_",F8,G8,H8) -> BA Dining: Bar Lounge/Leisure_2025AUNCC | M8: =CONCATENATE(L8,"ScheduleSet") -> BA Dining: Bar Lounge/Leisure_2025AUNCCScheduleSet | N8: 10 | O8: 100 | P8: 1.0763915 | Q8: 272.97 | R8: 80 | S8: 272.97 | T8: 80 | W8: 160 | X8: 0.5 | Y8: NCC S35C2n | Z8: Dining room/restaurant/cafe | AC8: =CONCATENATE(Y8,Z8,AA8,AB8,A8,"PeopleDef") -> NCC S35C2nDining room/restaurant/cafeBA Dining: Bar Lounge/LeisurePeopleDef | AD8: NECB-B-Occupancy | AE8: =CONCATENATE(A8,"Activity") -> BA Dining: Bar Lounge/LeisureActivity | AH8: 0.93 | AI8: =AH8*0.00508 -> 0.0047244 | AM8: COMNET-REV9 | AN8: WholeBuilding | AQ8: =CONCATENATE(AM8,AN8,AO8,AP8,A8,"Vent") -> COMNET-REV9WholeBuildingBA Dining: Bar Lounge/LeisureVent | AR8: 0.464515 | AS8: 5 | AT8: 0 | AU8: 0.5 | AV8: 0 | AW8: NCC S35C2l | AX8: NREL 956/Eley Analysis | AY8: Class 6 cafe/restaurant; radiant/latent/lost fraction split retained from original WA/COMNET-REV9 source (AIRAH Technical Handbook does not publish this split) | AZ8: =CONCATENATE(AW8,AX8,AY8,A8,"ElectricalEquipDef") -> NCC S35C2lNREL 956/Eley AnalysisClass 6 cafe/restaurant; radiant/latent/lost fraction split retained from original WA/COMNET-REV9 source (AIRAH Technical Handbook does not publish this split)BA Dining: Bar Lounge/LeisureElectricalEquipDef | BA8: NECB-B-Electric-Equipment | BB8: 1.300643 | BC8: 14 | BD8: 0.37 | BE8: 0.2 | BF8: NCC J7D3a | BH8: Restaurant, cafe, bar, hotel lounge...; radiant/visible fraction split retained from original WA/COMNET-REV9 source (AIRAH Technical Handbook does not publish this split) | BI8: =CONCATENATE(BF8,BG8,BH8,"LightingDef") -> NCC J7D3aRestaurant, cafe, bar, hotel lounge...; radiant/visible fraction split retained from original WA/COMNET-REV9 source (AIRAH Technical Handbook does not publish this split)LightingDef | BJ8: NECB-B-Lighting | BK8: 5.1389937 | BL8: 17.534247 | BM8: 188.73863 | BN8: 0 | BO8: 0.75 | BP8: 0.25 | BQ8: COMNET-REV9 | BR8: California Commercial End-Use Survey (CEUS) | BS8: 93%ThermEffRadiant | BT8: =CONCATENATE(BQ8,BR8,BS8,A8,"GasEquipDef") -> COMNET-REV9California Commercial End-Use Survey (CEUS)93%ThermEffRadiantBA Dining: Bar Lounge/LeisureGasEquipDef | BU8: RestaurantFastFood BLDG_EQUIP_SCH | BW8: 0.7 | BY8: NCC S34C2(6) | BZ8: 0.7 ACH assumed as design infiltration for periods without mechanical outdoor air supply; NCC also specifies 0.35 ACH when mechanical OA is operating (to be applied via infiltration schedule once developed) | CB8: =CONCATENATE(CE8,"_",CF8) -> Dining - bar/lounge_WholeBuilding | CC8: =CONCATENATE(BY8,BZ8,A8,"Infil") -> NCC S34C2(6)0.7 ACH assumed as design infiltration for periods without mechanical outdoor air supply; NCC also specifies 0.35 ACH when mechanical OA is operating (to be applied via infiltration schedule once developed)BA Dining: Bar Lounge/LeisureInfil | CD8: Always On | CE8: Dining - bar/lounge | CF8: WholeBuilding | CH8: 2 | CJ8: MediumSmooth | CK8: 0.15 | CL8: 0.12 | CM8: 540 | CN8: 1210 | CO8: 0.9 | CP8: 0.7 | CQ8: 0.7 | CR8: Std Wood 6inch | CS8: OpenStudio-Prototype-Buildings | CV8: =CR8 -> Std Wood 6inch | CW8: =CONCATENATE(CS8,CT8,CU8,CV8,"InternalMassDef") -> OpenStudio-Prototype-BuildingsStd Wood 6inchInternalMassDef
A9: BA Dining: Cafeteria/Fast Food | B9: =CONCATENATE(F9,"_",G9,"_",H9) -> 2025_AU_NCC | C9: =MID(A9,4,80) -> Dining: Cafeteria/Fast Food | D9: Whole Building | E9: WholeBuilding | F9: 2025 | G9: AU | H9: NCC | I9: 255 | J9: 255 | K9: 255 | L9: =CONCATENATE(A9,"_",F9,G9,H9) -> BA Dining: Cafeteria/Fast Food_2025AUNCC | M9: =CONCATENATE(L9,"ScheduleSet") -> BA Dining: Cafeteria/Fast Food_2025AUNCCScheduleSet | N9: 10 | O9: 100 | P9: 1.0763915 | Q9: 272.97 | R9: 80 | S9: 272.97 | T9: 80 | W9: 160 | X9: 0.5 | Y9: NCC S35C2n | Z9: Dining room/restaurant/cafe | AC9: =CONCATENATE(Y9,Z9,AA9,AB9,A9,"PeopleDef") -> NCC S35C2nDining room/restaurant/cafeBA Dining: Cafeteria/Fast FoodPeopleDef | AD9: NECB-B-Occupancy | AE9: =CONCATENATE(A9,"Activity") -> BA Dining: Cafeteria/Fast FoodActivity | AH9: 0.93 | AI9: =AH9*0.00508 -> 0.0047244 | AM9: COMNET-REV9 | AN9: WholeBuilding | AQ9: =CONCATENATE(AM9,AN9,AO9,AP9,A9,"Vent") -> COMNET-REV9WholeBuildingBA Dining: Cafeteria/Fast FoodVent | AR9: 0.464515 | AS9: 5 | AT9: 0 | AU9: 0.5 | AV9: 0 | AW9: NCC S35C2l | AX9: NREL 956/Eley Analysis | AY9: Class 6 cafe/restaurant; radiant/latent/lost fraction split retained from original WA/COMNET-REV9 source (AIRAH Technical Handbook does not publish this split) | AZ9: =CONCATENATE(AW9,AX9,AY9,A9,"ElectricalEquipDef") -> NCC S35C2lNREL 956/Eley AnalysisClass 6 cafe/restaurant; radiant/latent/lost fraction split retained from original WA/COMNET-REV9 source (AIRAH Technical Handbook does not publish this split)BA Dining: Cafeteria/Fast FoodElectricalEquipDef | BA9: NECB-B-Electric-Equipment | BB9: 1.300643 | BC9: 14 | BD9: 0.37 | BE9: 0.2 | BF9: NCC J7D3a | BH9: Restaurant, cafe, bar, hotel lounge...; radiant/visible fraction split retained from original WA/COMNET-REV9 source (AIRAH Technical Handbook does not publish this split) | BI9: =CONCATENATE(BF9,BG9,BH9,"LightingDef") -> NCC J7D3aRestaurant, cafe, bar, hotel lounge...; radiant/visible fraction split retained from original WA/COMNET-REV9 source (AIRAH Technical Handbook does not publish this split)LightingDef | BJ9: NECB-B-Lighting | BK9: 5.1389937 | BL9: 17.534247 | BM9: 188.73863 | BN9: 0 | BO9: 0.75 | BP9: 0.25 | BQ9: COMNET-REV9 | BR9: California Commercial End-Use Survey (CEUS) | BS9: 93%ThermEffRadiant | BT9: =CONCATENATE(BQ9,BR9,BS9,A9,"GasEquipDef") -> COMNET-REV9California Commercial End-Use Survey (CEUS)93%ThermEffRadiantBA Dining: Cafeteria/Fast FoodGasEquipDef | BU9: RestaurantFastFood BLDG_EQUIP_SCH | BW9: 0.7 | BY9: NCC S34C2(6) | BZ9: 0.7 ACH assumed as design infiltration for periods without mechanical outdoor air supply; NCC also specifies 0.35 ACH when mechanical OA is operating (to be applied via infiltration schedule once developed) | CB9: =CONCATENATE(CE9,"_",CF9) -> Dining - cafeteria_WholeBuilding | CC9: =CONCATENATE(BY9,BZ9,A9,"Infil") -> NCC S34C2(6)0.7 ACH assumed as design infiltration for periods without mechanical outdoor air supply; NCC also specifies 0.35 ACH when mechanical OA is operating (to be applied via infiltration schedule once developed)BA Dining: Cafeteria/Fast FoodInfil | CD9: Always On | CE9: Dining - cafeteria | CF9: WholeBuilding | CH9: 2 | CJ9: MediumSmooth | CK9: 0.15 | CL9: 0.12 | CM9: 540 | CN9: 1210 | CO9: 0.9 | CP9: 0.7 | CQ9: 0.7 | CR9: Std Wood 6inch | CS9: OpenStudio-Prototype-Buildings | CV9: =CR9 -> Std Wood 6inch | CW9: =CONCATENATE(CS9,CT9,CU9,CV9,"InternalMassDef") -> OpenStudio-Prototype-BuildingsStd Wood 6inchInternalMassDef
A10: BA Dining: Family | B10: =CONCATENATE(F10,"_",G10,"_",H10) -> 2025_AU_NCC | C10: =MID(A10,4,80) -> Dining: Family | D10: Whole Building | E10: WholeBuilding | F10: 2025 | G10: AU | H10: NCC | I10: 255 | J10: 255 | K10: 255 | L10: =CONCATENATE(A10,"_",F10,G10,H10) -> BA Dining: Family_2025AUNCC | M10: =CONCATENATE(L10,"ScheduleSet") -> BA Dining: Family_2025AUNCCScheduleSet | N10: 14 | O10: 71.428571 | P10: 0.76885108 | Q10: 272.97 | R10: 80 | S10: 272.97 | T10: 80 | W10: 160 | X10: 0.5 | Y10: NCC S35C2n | Z10: Dining room/restaurant/cafe | AC10: =CONCATENATE(Y10,Z10,AA10,AB10,A10,"PeopleDef") -> NCC S35C2nDining room/restaurant/cafeBA Dining: FamilyPeopleDef | AD10: NECB-B-Occupancy | AE10: =CONCATENATE(A10,"Activity") -> BA Dining: FamilyActivity | AH10: 0.71 | AI10: =AH10*0.00508 -> 0.0036068 | AM10: COMNET-REV9 | AN10: WholeBuilding | AQ10: =CONCATENATE(AM10,AN10,AO10,AP10,A10,"Vent") -> COMNET-REV9WholeBuildingBA Dining: FamilyVent | AR10: 0.464515 | AS10: 5 | AT10: 0 | AU10: 0.5 | AV10: 0 | AW10: NCC S35C2l | AX10: NREL 956/Eley Analysis | AY10: Class 6 cafe/restaurant; radiant/latent/lost fraction split retained from original WA/COMNET-REV9 source (AIRAH Technical Handbook does not publish this split) | AZ10: =CONCATENATE(AW10,AX10,AY10,A10,"ElectricalEquipDef") -> NCC S35C2lNREL 956/Eley AnalysisClass 6 cafe/restaurant; radiant/latent/lost fraction split retained from original WA/COMNET-REV9 source (AIRAH Technical Handbook does not publish this split)BA Dining: FamilyElectricalEquipDef | BA10: NECB-B-Electric-Equipment | BB10: 1.300643 | BC10: 14 | BD10: 0.37 | BE10: 0.2 | BF10: NCC J7D3a | BH10: Restaurant, cafe, bar, hotel lounge...; radiant/visible fraction split retained from original WA/COMNET-REV9 source (AIRAH Technical Handbook does not publish this split) | BI10: =CONCATENATE(BF10,BG10,BH10,"LightingDef") -> NCC J7D3aRestaurant, cafe, bar, hotel lounge...; radiant/visible fraction split retained from original WA/COMNET-REV9 source (AIRAH Technical Handbook does not publish this split)LightingDef | BJ10: NECB-B-Lighting | BK10: 5.1389937 | BL10: 17.534247 | BM10: 188.73863 | BN10: 0.05 | BO10: 0.4 | BP10: 0.4 | BQ10: COMNET-REV9 | BR10: California Commercial End-Use Survey (CEUS) | BS10: 60%ThermEffProcess | BT10: =CONCATENATE(BQ10,BR10,BS10,A10,"GasEquipDef") -> COMNET-REV9California Commercial End-Use Survey (CEUS)60%ThermEffProcessBA Dining: FamilyGasEquipDef | BU10: RestaurantSitDown BLDG_EQUIP_SCH | BW10: 0.7 | BY10: NCC S34C2(6) | BZ10: 0.7 ACH assumed as design infiltration for periods without mechanical outdoor air supply; NCC also specifies 0.35 ACH when mechanical OA is operating (to be applied via infiltration schedule once developed) | CB10: =CONCATENATE(CE10,"_",CF10) -> Dining - family_WholeBuilding | CC10: =CONCATENATE(BY10,BZ10,A10,"Infil") -> NCC S34C2(6)0.7 ACH assumed as design infiltration for periods without mechanical outdoor air supply; NCC also specifies 0.35 ACH when mechanical OA is operating (to be applied via infiltration schedule once developed)BA Dining: FamilyInfil | CD10: Always On | CE10: Dining - family | CF10: WholeBuilding | CH10: 2 | CJ10: MediumSmooth | CK10: 0.15 | CL10: 0.12 | CM10: 540 | CN10: 1210 | CO10: 0.9 | CP10: 0.7 | CQ10: 0.7 | CR10: Std Wood 6inch | CS10: OpenStudio-Prototype-Buildings | CV10: =CR10 -> Std Wood 6inch | CW10: =CONCATENATE(CS10,CT10,CU10,CV10,"InternalMassDef") -> OpenStudio-Prototype-BuildingsStd Wood 6inchInternalMassDef
A11: BA Dormitory | B11: =CONCATENATE(F11,"_",G11,"_",H11) -> 2025_AU_NCC | C11: =MID(A11,4,80) -> Dormitory | D11: Whole Building | E11: WholeBuilding | F11: 2025 | G11: AU | H11: NCC | I11: 255 | J11: 255 | K11: 255 | L11: =CONCATENATE(A11,"_",F11,G11,H11) -> BA Dormitory_2025AUNCC | M11: =CONCATENATE(L11,"ScheduleSet") -> BA Dormitory_2025AUNCCScheduleSet | N11: 100 | O11: 10 | P11: 0.10763915 | Q11: 255.91 | R11: 75 | S11: 187.67 | T11: 55 | W11: 130 | X11: 0.57692308 | Y11: NCC S35C2n | Z11: Other applications (non-dining) | AC11: =CONCATENATE(Y11,Z11,AA11,AB11,A11,"PeopleDef") -> NCC S35C2nOther applications (non-dining)BA DormitoryPeopleDef | AD11: NECB-G-Occupancy | AE11: =CONCATENATE(A11,"Activity") -> BA DormitoryActivity | AH11: 0.11 | AI11: =AH11*0.00508 -> 0.0005588 | AM11: COMNET-REV9 | AN11: WholeBuilding | AQ11: =CONCATENATE(AM11,AN11,AO11,AP11,A11,"Vent") -> COMNET-REV9WholeBuildingBA DormitoryVent | AR11: 0 | AS11: 0 | AT11: 0 | AU11: 0.5 | AV11: 0 | AW11: NCC S35C2l | AX11: NREL 956/Eley Analysis | AY11: Class 3 dormitories - no load per S35C2l; radiant/latent/lost fraction split retained from original WA/COMNET-REV9 source (AIRAH Technical Handbook does not publish this split) | AZ11: =CONCATENATE(AW11,AX11,AY11,A11,"ElectricalEquipDef") -> NCC S35C2lNREL 956/Eley AnalysisClass 3 dormitories - no load per S35C2l; radiant/latent/lost fraction split retained from original WA/COMNET-REV9 source (AIRAH Technical Handbook does not publish this split)BA DormitoryElectricalEquipDef | BA11: NECB-G-Electric-Equipment | BB11: 0.371612 | BC11: 4 | BD11: 0.37 | BE11: 0.2 | BF11: NCC J7D3a | BH11: Dormitory of a Class 3 building used for sleeping and study; radiant/visible fraction split retained from original WA/COMNET-REV9 source (AIRAH Technical Handbook does not publish this split) | BI11: =CONCATENATE(BF11,BG11,BH11,"LightingDef") -> NCC J7D3aDormitory of a Class 3 building used for sleeping and study; radiant/visible fraction split retained from original WA/COMNET-REV9 source (AIRAH Technical Handbook does not publish this split)LightingDef | BJ11: NECB-G-Lighting | BK11: 0.20408764 | BL11: 0.69634703 | BM11: 7.4954795 | BN11: 0.01 | BO11: 0.4 | BP11: 0.4 | BQ11: COMNET-REV9 | BR11: California Commercial End-Use Survey (CEUS) | BS11: 60%ThermEffProcess | BT11: =CONCATENATE(BQ11,BR11,BS11,A11,"GasEquipDef") -> COMNET-REV9California Commercial End-Use Survey (CEUS)60%ThermEffProcessBA DormitoryGasEquipDef | BU11: ApartmentMidRise EQP_APT_SCH | BW11: 0.7 | BY11: NCC S34C2(6) | BZ11: 0.7 ACH assumed as design infiltration for periods without mechanical outdoor air supply; NCC also specifies 0.35 ACH when mechanical OA is operating (to be applied via infiltration schedule once developed) | CB11: =CONCATENATE(CE11,"_",CF11) -> Dormitory_WholeBuilding | CC11: =CONCATENATE(BY11,BZ11,A11,"Infil") -> NCC S34C2(6)0.7 ACH assumed as design infiltration for periods without mechanical outdoor air supply; NCC also specifies 0.35 ACH when mechanical OA is operating (to be applied via infiltration schedule once developed)BA DormitoryInfil | CD11: Always On | CE11: Dormitory | CF11: WholeBuilding | CH11: 2 | CJ11: MediumSmooth | CK11: 0.15 | CL11: 0.12 | CM11: 540 | CN11: 1210 | CO11: 0.9 | CP11: 0.7 | CQ11: 0.7 | CR11: Std Wood 6inch | CS11: OpenStudio-Prototype-Buildings | CV11: =CR11 -> Std Wood 6inch | CW11: =CONCATENATE(CS11,CT11,CU11,CV11,"InternalMassDef") -> OpenStudio-Prototype-BuildingsStd Wood 6inchInternalMassDef
A12: BA Exercise Center | B12: =CONCATENATE(F12,"_",G12,"_",H12) -> 2025_AU_NCC | C12: =MID(A12,4,80) -> Exercise Center | D12: Whole Building | E12: WholeBuilding | F12: 2025 | G12: AU | H12: NCC | I12: 255 | J12: 255 | K12: 255 | L12: =CONCATENATE(A12,"_",F12,G12,H12) -> BA Exercise Center_2025AUNCC | M12: =CONCATENATE(L12,"ScheduleSet") -> BA Exercise Center_2025AUNCCScheduleSet | N12: 100 | O12: 10 | P12: 0.10763915 | Q12: 255.91 | R12: 75 | S12: 187.67 | T12: 55 | W12: 130 | X12: 0.57692308 | Y12: NCC S35C2n | Z12: Other applications (non-dining) | AC12: =CONCATENATE(Y12,Z12,AA12,AB12,A12,"PeopleDef") -> NCC S35C2nOther applications (non-dining)BA Exercise CenterPeopleDef | AD12: NECB-B-Occupancy | AE12: =CONCATENATE(A12,"Activity") -> BA Exercise CenterActivity | AH12: 0.26 | AI12: =AH12*0.00508 -> 0.0013208 | AM12: COMNET-REV9 | AN12: WholeBuilding | AQ12: =CONCATENATE(AM12,AN12,AO12,AP12,A12,"Vent") -> COMNET-REV9WholeBuildingBA Exercise CenterVent | AR12: 0 | AS12: 0 | AT12: 0 | AU12: 0.5 | AV12: 0 | AW12: NCC S35C2l | AX12: NREL 956/Eley Analysis | AY12: Class 9b (Other applications) - no equipment load per S35C2l; radiant/latent/lost fraction split retained from original WA/COMNET-REV9 source (AIRAH Technical Handbook does not publish this split) | AZ12: =CONCATENATE(AW12,AX12,AY12,A12,"ElectricalEquipDef") -> NCC S35C2lNREL 956/Eley AnalysisClass 9b (Other applications) - no equipment load per S35C2l; radiant/latent/lost fraction split retained from original WA/COMNET-REV9 source (AIRAH Technical Handbook does not publish this split)BA Exercise CenterElectricalEquipDef | BA12: NECB-B-Electric-Equipment | BB12: 0.72 | BC12: 7.75002 | BD12: 0.37 | BE12: 0.2 | BF12: IECC Table C405.3.2(1) | BH12: Exercise center; radiant/visible fraction split retained from original WA/COMNET-REV9 source | BI12: =CONCATENATE(BF12,BG12,BH12,"LightingDef") -> IECC Table C405.3.2(1)Exercise center; radiant/visible fraction split retained from original WA/COMNET-REV9 sourceLightingDef | BJ12: NECB-B-Lighting | BK12: 0.006691398 | BL12: 0.02283105 | BM12: 0.24575342 | BN12: 0.05 | BO12: 0.4 | BP12: 0.4 | BQ12: COMNET-REV9 | BR12: California Commercial End-Use Survey (CEUS) | BS12: 60%ThermEffProcess | BT12: =CONCATENATE(BQ12,BR12,BS12,A12,"GasEquipDef") -> COMNET-REV9California Commercial End-Use Survey (CEUS)60%ThermEffProcessBA Exercise CenterGasEquipDef | BU12: HotelSmall ExerciseCenter_Eqp_Sch | BW12: 0.7 | BY12: NCC S34C2(6) | BZ12: 0.7 ACH assumed as design infiltration for periods without mechanical outdoor air supply; NCC also specifies 0.35 ACH when mechanical OA is operating (to be applied via infiltration schedule once developed) | CB12: =CONCATENATE(CE12,"_",CF12) -> Exercise centre_WholeBuilding | CC12: =CONCATENATE(BY12,BZ12,A12,"Infil") -> NCC S34C2(6)0.7 ACH assumed as design infiltration for periods without mechanical outdoor air supply; NCC also specifies 0.35 ACH when mechanical OA is operating (to be applied via infiltration schedule once developed)BA Exercise CenterInfil | CD12: Always On | CE12: Exercise centre | CF12: WholeBuilding | CH12: 2 | CJ12: MediumSmooth | CK12: 0.15 | CL12: 0.12 | CM12: 540 | CN12: 1210 | CO12: 0.9 | CP12: 0.7 | CQ12: 0.7 | CR12: Std Wood 6inch | CS12: OpenStudio-Prototype-Buildings | CV12: =CR12 -> Std Wood 6inch | CW12: =CONCATENATE(CS12,CT12,CU12,CV12,"InternalMassDef") -> OpenStudio-Prototype-BuildingsStd Wood 6inchInternalMassDef
A13: BA Fire Station | B13: =CONCATENATE(F13,"_",G13,"_",H13) -> 2025_AU_NCC | C13: =MID(A13,4,80) -> Fire Station | D13: Whole Building | E13: WholeBuilding | F13: 2025 | G13: AU | H13: NCC | I13: 255 | J13: 255 | K13: 255 | L13: =CONCATENATE(A13,"_",F13,G13,H13) -> BA Fire Station_2025AUNCC | M13: =CONCATENATE(L13,"ScheduleSet") -> BA Fire Station_2025AUNCCScheduleSet | N13: 33 | O13: 30.30303 | P13: 0.32617924 | Q13: 255.91 | R13: 75 | S13: 187.67 | T13: 55 | W13: 130 | X13: 0.57692308 | Y13: NCC S35C2n | Z13: Other applications (non-dining) | AC13: =CONCATENATE(Y13,Z13,AA13,AB13,A13,"PeopleDef") -> NCC S35C2nOther applications (non-dining)BA Fire StationPeopleDef | AD13: NECB-F-Occupancy | AE13: =CONCATENATE(A13,"Activity") -> BA Fire StationActivity | AH13: 0.21 | AI13: =AH13*0.00508 -> 0.0010668 | AM13: COMNET-REV9 | AN13: WholeBuilding | AQ13: =CONCATENATE(AM13,AN13,AO13,AP13,A13,"Vent") -> COMNET-REV9WholeBuildingBA Fire StationVent | AR13: 0.30658 | AS13: 3.3 | AT13: 0 | AU13: 0.5 | AV13: 0 | AW13: NCC S35C2l | AX13: NREL 956/Eley Analysis | AY13: AUTHOR-ASSUMED area-weighted composite (not a direct NCC table value) - Fire Station is not a single NCC building class, decomposed as: Apparatus Bay / Garage (Class 7a/8-like) 45%; Sleeping Quarters (Class 3 dormitory-style, sleeping only) 25%; Office / Admin / Dayroom (Class 5) 30%. Equipment W/m2 per component per S35C2l, blended by area fraction. Adjust fractions to match actual floor plan; radiant/latent/lost fraction split retained from original WA/COMNET-REV9 source (AIRAH Technical Handbook does not publish this split) | AZ13: =CONCATENATE(AW13,AX13,AY13,A13,"ElectricalEquipDef") -> NCC S35C2lNREL 956/Eley AnalysisAUTHOR-ASSUMED area-weighted composite (not a direct NCC table value) - Fire Station is not a single NCC building class, decomposed as: Apparatus Bay / Garage (Class 7a/8-like) 45%; Sleeping Quarters (Class 3 dormitory-style, sleeping only) 25%; Office / Admin / Dayroom (Class 5) 30%. Equipment W/m2 per component per S35C2l, blended by area fraction. Adjust fractions to match actual floor plan; radiant/latent/lost fraction split retained from original WA/COMNET-REV9 source (AIRAH Technical Handbook does not publish this split)BA Fire StationElectricalEquipDef | BA13: NECB-F-Electric-Equipment | BB13: 0.278709 | BC13: 3 | BD13: 0.37 | BE13: 0.2 | BF13: NCC J7D3a | BH13: AUTHOR-ASSUMED area-weighted composite (not a direct NCC table value) - Apparatus Bay / Garage (Class 7a/8-like) 45% -> Carpark - general (nearest available proxy; NCC has no vehicle-bay-specific lighting row) (2.0 W/m2); Sleeping Quarters (Class 3 dormitory-style, sleeping only) 25% -> Dormitory of a Class 3 building used for sleeping only (3.0 W/m2); Office / Admin / Dayroom (Class 5) 30% -> Office - artificially lit to >= 200 lux (4.5 W/m2). Adjust fractions to match actual floor plan; radiant/latent/lost fraction split retained from original WA/COMNET-REV9 source (AIRAH Technical Handbook does not publish this split) | BI13: =CONCATENATE(BF13,BG13,BH13,"LightingDef") -> NCC J7D3aAUTHOR-ASSUMED area-weighted composite (not a direct NCC table value) - Apparatus Bay / Garage (Class 7a/8-like) 45% -> Carpark - general (nearest available proxy; NCC has no vehicle-bay-specific lighting row) (2.0 W/m2); Sleeping Quarters (Class 3 dormitory-style, sleeping only) 25% -> Dormitory of a Class 3 building used for sleeping only (3.0 W/m2); Office / Admin / Dayroom (Class 5) 30% -> Office - artificially lit to >= 200 lux (4.5 W/m2). Adjust fractions to match actual floor plan; radiant/latent/lost fraction split retained from original WA/COMNET-REV9 source (AIRAH Technical Handbook does not publish this split)LightingDef | BJ13: NECB-F-Lighting | BK13: 0.22081614 | BL13: 0.75342466 | BM13: 8.109863 | BN13: 0 | BO13: 0.75 | BP13: 0.25 | BQ13: COMNET-REV9 | BR13: California Commercial End-Use Survey (CEUS) | BS13: 93%ThermEffRadiant | BT13: =CONCATENATE(BQ13,BR13,BS13,A13,"GasEquipDef") -> COMNET-REV9California Commercial End-Use Survey (CEUS)93%ThermEffRadiantBA Fire StationGasEquipDef | BU13: NECB-F-Electric-Equipment | BW13: 0.7 | BY13: NCC S34C2(6) | BZ13: 0.7 ACH assumed as design infiltration for periods without mechanical outdoor air supply; NCC also specifies 0.35 ACH when mechanical OA is operating (to be applied via infiltration schedule once developed) | CB13: =CONCATENATE(CE13,"_",CF13) -> Fire station_WholeBuilding | CC13: =CONCATENATE(BY13,BZ13,A13,"Infil") -> NCC S34C2(6)0.7 ACH assumed as design infiltration for periods without mechanical outdoor air supply; NCC also specifies 0.35 ACH when mechanical OA is operating (to be applied via infiltration schedule once developed)BA Fire StationInfil | CD13: Always On | CE13: Fire station | CF13: WholeBuilding | CH13: 2 | CJ13: MediumSmooth | CK13: 0.15 | CL13: 0.12 | CM13: 540 | CN13: 1210 | CO13: 0.9 | CP13: 0.7 | CQ13: 0.7 | CR13: Std Wood 6inch | CS13: OpenStudio-Prototype-Buildings | CV13: =CR13 -> Std Wood 6inch | CW13: =CONCATENATE(CS13,CT13,CU13,CV13,"InternalMassDef") -> OpenStudio-Prototype-BuildingsStd Wood 6inchInternalMassDef
A14: BA Gymnasium | B14: =CONCATENATE(F14,"_",G14,"_",H14) -> 2025_AU_NCC | C14: =MID(A14,4,80) -> Gymnasium | D14: Whole Building | E14: WholeBuilding | F14: 2025 | G14: AU | H14: NCC | I14: 255 | J14: 255 | K14: 255 | L14: =CONCATENATE(A14,"_",F14,G14,H14) -> BA Gymnasium_2025AUNCC | M14: =CONCATENATE(L14,"ScheduleSet") -> BA Gymnasium_2025AUNCCScheduleSet | N14: 33 | O14: 30.30303 | P14: 0.32617924 | Q14: 255.91 | R14: 75 | S14: 187.67 | T14: 55 | W14: 130 | X14: 0.57692308 | Y14: NCC S35C2n | Z14: Other applications (non-dining) | AC14: =CONCATENATE(Y14,Z14,AA14,AB14,A14,"PeopleDef") -> NCC S35C2nOther applications (non-dining)BA GymnasiumPeopleDef | AD14: NECB-B-Occupancy | AE14: =CONCATENATE(A14,"Activity") -> BA GymnasiumActivity | AH14: 0.3 | AI14: =AH14*0.00508 -> 0.001524 | AM14: COMNET-REV9 | AN14: WholeBuilding | AQ14: =CONCATENATE(AM14,AN14,AO14,AP14,A14,"Vent") -> COMNET-REV9WholeBuildingBA GymnasiumVent | AR14: 0 | AS14: 0 | AT14: 0 | AU14: 0.5 | AV14: 0 | AW14: NCC S35C2l | AX14: NREL 956/Eley Analysis | AY14: Class 9b (Other applications) - no equipment load per S35C2l; radiant/latent/lost fraction split retained from original WA/COMNET-REV9 source (AIRAH Technical Handbook does not publish this split) | AZ14: =CONCATENATE(AW14,AX14,AY14,A14,"ElectricalEquipDef") -> NCC S35C2lNREL 956/Eley AnalysisClass 9b (Other applications) - no equipment load per S35C2l; radiant/latent/lost fraction split retained from original WA/COMNET-REV9 source (AIRAH Technical Handbook does not publish this split)BA GymnasiumElectricalEquipDef | BA14: NECB-B-Electric-Equipment | BB14: 0.75 | BC14: 8.07293 | BD14: 0.37 | BE14: 0.2 | BF14: IECC Table C405.3.2(1) | BH14: Gymnasium; radiant/visible fraction split retained from original WA/COMNET-REV9 source | BI14: =CONCATENATE(BF14,BG14,BH14,"LightingDef") -> IECC Table C405.3.2(1)Gymnasium; radiant/visible fraction split retained from original WA/COMNET-REV9 sourceLightingDef | BJ14: NECB-B-Lighting | BK14: 0.006691398 | BL14: 0.02283105 | BM14: 0.24575342 | BN14: 0 | BO14: 0.75 | BP14: 0.25 | BQ14: COMNET-REV9 | BR14: California Commercial End-Use Survey (CEUS) | BS14: 93%ThermEffRadiant | BT14: =CONCATENATE(BQ14,BR14,BS14,A14,"GasEquipDef") -> COMNET-REV9California Commercial End-Use Survey (CEUS)93%ThermEffRadiantBA GymnasiumGasEquipDef | BU14: SchoolSecondary BLDG_EQUIP_SCH | BW14: 0.7 | BY14: NCC S34C2(6) | BZ14: 0.7 ACH assumed as design infiltration for periods without mechanical outdoor air supply; NCC also specifies 0.35 ACH when mechanical OA is operating (to be applied via infiltration schedule once developed) | CB14: =CONCATENATE(CE14,"_",CF14) -> Gymnasium_WholeBuilding | CC14: =CONCATENATE(BY14,BZ14,A14,"Infil") -> NCC S34C2(6)0.7 ACH assumed as design infiltration for periods without mechanical outdoor air supply; NCC also specifies 0.35 ACH when mechanical OA is operating (to be applied via infiltration schedule once developed)BA GymnasiumInfil | CD14: Always On | CE14: Gymnasium | CF14: WholeBuilding | CH14: 2 | CJ14: MediumSmooth | CK14: 0.15 | CL14: 0.12 | CM14: 540 | CN14: 1210 | CO14: 0.9 | CP14: 0.7 | CQ14: 0.7 | CR14: Std Wood 6inch | CS14: OpenStudio-Prototype-Buildings | CV14: =CR14 -> Std Wood 6inch | CW14: =CONCATENATE(CS14,CT14,CU14,CV14,"InternalMassDef") -> OpenStudio-Prototype-BuildingsStd Wood 6inchInternalMassDef
A15: BA Healthcare Clinic | B15: =CONCATENATE(F15,"_",G15,"_",H15) -> 2025_AU_NCC | C15: =MID(A15,4,80) -> Healthcare Clinic | D15: Whole Building | E15: WholeBuilding | F15: 2025 | G15: AU | H15: NCC | I15: 255 | J15: 255 | K15: 255 | L15: =CONCATENATE(A15,"_",F15,G15,H15) -> BA Healthcare Clinic_2025AUNCC | M15: =CONCATENATE(L15,"ScheduleSet") -> BA Healthcare Clinic_2025AUNCCScheduleSet | N15: 200 | O15: 5 | P15: 0.053819575 | Q15: 255.91 | R15: 75 | S15: 187.67 | T15: 55 | W15: 130 | X15: 0.57692308 | Y15: NCC S35C2n | Z15: Other applications (non-dining) | AC15: =CONCATENATE(Y15,Z15,AA15,AB15,A15,"PeopleDef") -> NCC S35C2nOther applications (non-dining)BA Healthcare ClinicPeopleDef | AD15: NECB-A-Occupancy | AE15: =CONCATENATE(A15,"Activity") -> BA Healthcare ClinicActivity | AH15: 0.47 | AI15: =AH15*0.00508 -> 0.0023876 | AM15: COMNET-REV9 | AN15: WholeBuilding | AQ15: =CONCATENATE(AM15,AN15,AO15,AP15,A15,"Vent") -> COMNET-REV9WholeBuildingBA Healthcare ClinicVent | AR15: 1.393546 | AS15: 15 | AT15: 0 | AU15: 0.5 | AV15: 0 | AW15: NCC S35C2l | AX15: NREL 956/Eley Analysis | AY15: Class 9a clinic/day surgery/procedure unit; radiant/latent/lost fraction split retained from original WA/COMNET-REV9 source (AIRAH Technical Handbook does not publish this split) | AZ15: =CONCATENATE(AW15,AX15,AY15,A15,"ElectricalEquipDef") -> NCC S35C2lNREL 956/Eley AnalysisClass 9a clinic/day surgery/procedure unit; radiant/latent/lost fraction split retained from original WA/COMNET-REV9 source (AIRAH Technical Handbook does not publish this split)BA Healthcare ClinicElectricalEquipDef | BA15: NECB-A-Electric-Equipment | BB15: 0.418064 | BC15: 4.5 | BD15: 0.37 | BE15: 0.2 | BF15: NCC J7D3a | BH15: Health-care - examination room; radiant/visible fraction split retained from original WA/COMNET-REV9 source (AIRAH Technical Handbook does not publish this split) | BI15: =CONCATENATE(BF15,BG15,BH15,"LightingDef") -> NCC J7D3aHealth-care - examination room; radiant/visible fraction split retained from original WA/COMNET-REV9 source (AIRAH Technical Handbook does not publish this split)LightingDef | BJ15: NECB-A-Lighting | BK15: 0.3312242 | BL15: 1.130137 | BM15: 12.164795 | BN15: 0 | BO15: 0 | BP15: 0.5 | BQ15: COMNET-REV9 | BR15: California Commercial End-Use Survey (CEUS) | BS15: DOEPrototype | BT15: =CONCATENATE(BQ15,BR15,BS15,A15,"GasEquipDef") -> COMNET-REV9California Commercial End-Use Survey (CEUS)DOEPrototypeBA Healthcare ClinicGasEquipDef | BU15: OutPatientHealthCare BLDG_EQUIP_SCH_BASE | BW15: 0.7 | BY15: NCC S34C2(6) | BZ15: 0.7 ACH assumed as design infiltration for periods without mechanical outdoor air supply; NCC also specifies 0.35 ACH when mechanical OA is operating (to be applied via infiltration schedule once developed) | CB15: =CONCATENATE(CE15,"_",CF15) -> Health-care clinic_WholeBuilding | CC15: =CONCATENATE(BY15,BZ15,A15,"Infil") -> NCC S34C2(6)0.7 ACH assumed as design infiltration for periods without mechanical outdoor air supply; NCC also specifies 0.35 ACH when mechanical OA is operating (to be applied via infiltration schedule once developed)BA Healthcare ClinicInfil | CD15: Always On | CE15: Health-care clinic | CF15: WholeBuilding | CH15: 2 | CJ15: MediumSmooth | CK15: 0.15 | CL15: 0.12 | CM15: 540 | CN15: 1210 | CO15: 0.9 | CP15: 0.7 | CQ15: 0.7 | CR15: Std Wood 6inch | CS15: OpenStudio-Prototype-Buildings | CV15: =CR15 -> Std Wood 6inch | CW15: =CONCATENATE(CS15,CT15,CU15,CV15,"InternalMassDef") -> OpenStudio-Prototype-BuildingsStd Wood 6inchInternalMassDef
A16: BA Hospital | B16: =CONCATENATE(F16,"_",G16,"_",H16) -> 2025_AU_NCC | C16: =MID(A16,4,80) -> Hospital | D16: Whole Building | E16: WholeBuilding | F16: 2025 | G16: AU | H16: NCC | I16: 255 | J16: 255 | K16: 255 | L16: =CONCATENATE(A16,"_",F16,G16,H16) -> BA Hospital_2025AUNCC | M16: =CONCATENATE(L16,"ScheduleSet") -> BA Hospital_2025AUNCCScheduleSet | N16: 200 | O16: 5 | P16: 0.053819575 | Q16: 255.91 | R16: 75 | S16: 187.67 | T16: 55 | W16: 130 | X16: 0.57692308 | Y16: NCC S35C2n | Z16: Other applications (non-dining) | AC16: =CONCATENATE(Y16,Z16,AA16,AB16,A16,"PeopleDef") -> NCC S35C2nOther applications (non-dining)BA HospitalPeopleDef | AD16: NECB-H-Occupancy | AE16: =CONCATENATE(A16,"Activity") -> BA HospitalActivity | AH16: 0.47 | AI16: =AH16*0.00508 -> 0.0023876 | AM16: COMNET-REV9 | AN16: WholeBuilding | AQ16: =CONCATENATE(AM16,AN16,AO16,AP16,A16,"Vent") -> COMNET-REV9WholeBuildingBA HospitalVent | AR16: 0.464515 | AS16: 5 | AT16: 0 | AU16: 0.5 | AV16: 0 | AW16: NCC S35C2l | AX16: NREL 956/Eley Analysis | AY16: Class 9a ward area (whole-building composite default); radiant/latent/lost fraction split retained from original WA/COMNET-REV9 source (AIRAH Technical Handbook does not publish this split) | AZ16: =CONCATENATE(AW16,AX16,AY16,A16,"ElectricalEquipDef") -> NCC S35C2lNREL 956/Eley AnalysisClass 9a ward area (whole-building composite default); radiant/latent/lost fraction split retained from original WA/COMNET-REV9 source (AIRAH Technical Handbook does not publish this split)BA HospitalElectricalEquipDef | BA16: NECB-H-Electric-Equipment | BB16: 0.232258 | BC16: 2.5 | BD16: 0.37 | BE16: 0.2 | BF16: NCC J7D3a | BH16: Health-care - all other patient care areas including wards and corridors; radiant/visible fraction split retained from original WA/COMNET-REV9 source (AIRAH Technical Handbook does not publish this split) | BI16: =CONCATENATE(BF16,BG16,BH16,"LightingDef") -> NCC J7D3aHealth-care - all other patient care areas including wards and corridors; radiant/visible fraction split retained from original WA/COMNET-REV9 source (AIRAH Technical Handbook does not publish this split)LightingDef | BJ16: NECB-H-Lighting | BK16: 0.3312242 | BL16: 1.130137 | BM16: 12.164795 | BN16: 0.01 | BO16: 0.2 | BP16: 0.7 | BQ16: COMNET-REV9 | BR16: California Commercial End-Use Survey (CEUS) | BS16: DOEPrototype | BT16: =CONCATENATE(BQ16,BR16,BS16,A16,"GasEquipDef") -> COMNET-REV9California Commercial End-Use Survey (CEUS)DOEPrototypeBA HospitalGasEquipDef | BU16: Hospital BLDG_EQUIP_SCH | BW16: 0.7 | BY16: NCC S34C2(6) | BZ16: 0.7 ACH assumed as design infiltration for periods without mechanical outdoor air supply; NCC also specifies 0.35 ACH when mechanical OA is operating (to be applied via infiltration schedule once developed) | CB16: =CONCATENATE(CE16,"_",CF16) -> Hospital_WholeBuilding | CC16: =CONCATENATE(BY16,BZ16,A16,"Infil") -> NCC S34C2(6)0.7 ACH assumed as design infiltration for periods without mechanical outdoor air supply; NCC also specifies 0.35 ACH when mechanical OA is operating (to be applied via infiltration schedule once developed)BA HospitalInfil | CD16: Always On | CE16: Hospital | CF16: WholeBuilding | CH16: 2 | CJ16: MediumSmooth | CK16: 0.15 | CL16: 0.12 | CM16: 540 | CN16: 1210 | CO16: 0.9 | CP16: 0.7 | CQ16: 0.7 | CR16: Std Wood 6inch | CS16: OpenStudio-Prototype-Buildings | CV16: =CR16 -> Std Wood 6inch | CW16: =CONCATENATE(CS16,CT16,CU16,CV16,"InternalMassDef") -> OpenStudio-Prototype-BuildingsStd Wood 6inchInternalMassDef
... A23: BA Museum | B23: =CONCATENATE(F23,"_",G23,"_",H23) -> 2025_AU_NCC | C23: =MID(A23,4,80) -> Museum | D23: Whole Building | E23: WholeBuilding | F23: 2025 | G23: AU | H23: NCC | I23: 255 | J23: 255 | K23: 255 | L23: =CONCATENATE(A23,"_",F23,G23,H23) -> BA Museum_2025AUNCC | M23: =CONCATENATE(L23,"ScheduleSet") -> BA Museum_2025AUNCCScheduleSet | N23: 25 | O23: 40 | P23: 0.4305566 | Q23: 255.91 | R23: 75 | S23: 187.67 | T23: 55 | W23: 130 | X23: 0.57692308 | Y23: NCC S35C2n | Z23: Other applications (non-dining) | AC23: =CONCATENATE(Y23,Z23,AA23,AB23,A23,"PeopleDef") -> NCC S35C2nOther applications (non-dining)BA MuseumPeopleDef | AD23: NECB-C-Occupancy | AE23: =CONCATENATE(A23,"Activity") -> BA MuseumActivity | AH23: 0.36 | AI23: =AH23*0.00508 -> 0.0018288 | AM23: COMNET-REV9 | AN23: WholeBuilding | AQ23: =CONCATENATE(AM23,AN23,AO23,AP23,A23,"Vent") -> COMNET-REV9WholeBuildingBA MuseumVent | AR23: 0 | AS23: 0 | AT23: 0 | AU23: 0.5 | AV23: 0 | AW23: NCC S35C2l | AX23: NREL 956/Eley Analysis | AY23: Class 9b (Other applications) - no equipment load per S35C2l; radiant/latent/lost fraction split retained from original WA/COMNET-REV9 source (AIRAH Technical Handbook does not publish this split) | AZ23: =CONCATENATE(AW23,AX23,AY23,A23,"ElectricalEquipDef") -> NCC S35C2lNREL 956/Eley AnalysisClass 9b (Other applications) - no equipment load per S35C2l; radiant/latent/lost fraction split retained from original WA/COMNET-REV9 source (AIRAH Technical Handbook does not publish this split)BA MuseumElectricalEquipDef | BA23: NECB-C-Electric-Equipment | BB23: 0.232258 | BC23: 2.5 | BD23: 0.37 | BE23: 0.2 | BF23: NCC J7D3a | BH23: Museum and gallery - circulation, cleaning and service lighting; radiant/visible fraction split retained from original WA/COMNET-REV9 source (AIRAH Technical Handbook does not publish this split) | BI23: =CONCATENATE(BF23,BG23,BH23,"LightingDef") -> NCC J7D3aMuseum and gallery - circulation, cleaning and service lighting; radiant/visible fraction split retained from original WA/COMNET-REV9 source (AIRAH Technical Handbook does not publish this split)LightingDef | BJ23: NECB-C-Lighting | BK23: 0.006691398 | BL23: 0.02283105 | BM23: 0.24575342 | BN23: 0 | BO23: 0.75 | BP23: 0.25 | BQ23: COMNET-REV9 | BR23: California Commercial End-Use Survey (CEUS) | BS23: 93%ThermEffRadiant | BT23: =CONCATENATE(BQ23,BR23,BS23,A23,"GasEquipDef") -> COMNET-REV9California Commercial End-Use Survey (CEUS)93%ThermEffRadiantBA MuseumGasEquipDef | BU23: NECB-A-Electric-Equipment | BW23: 0.7 | BY23: NCC S34C2(6) | BZ23: 0.7 ACH assumed as design infiltration for periods without mechanical outdoor air supply; NCC also specifies 0.35 ACH when mechanical OA is operating (to be applied via infiltration schedule once developed) | CB23: =CONCATENATE(CE23,"_",CF23) -> Museum_WholeBuilding | CC23: =CONCATENATE(BY23,BZ23,A23,"Infil") -> NCC S34C2(6)0.7 ACH assumed as design infiltration for periods without mechanical outdoor air supply; NCC also specifies 0.35 ACH when mechanical OA is operating (to be applied via infiltration schedule once developed)BA MuseumInfil | CD23: Always On | CE23: Museum | CF23: WholeBuilding | CH23: 2 | CJ23: MediumSmooth | CK23: 0.15 | CL23: 0.12 | CM23: 540 | CN23: 1210 | CO23: 0.9 | CP23: 0.7 | CQ23: 0.7 | CR23: Std Wood 6inch | CS23: OpenStudio-Prototype-Buildings | CV23: =CR23 -> Std Wood 6inch | CW23: =CONCATENATE(CS23,CT23,CU23,CV23,"InternalMassDef") -> OpenStudio-Prototype-BuildingsStd Wood 6inchInternalMassDef
A24: BA Office | B24: =CONCATENATE(F24,"_",G24,"_",H24) -> 2025_AU_NCC | C24: =MID(A24,4,80) -> Office | D24: Whole Building | E24: WholeBuilding | F24: 2025 | G24: AU | H24: NCC | I24: 255 | J24: 255 | K24: 255 | L24: =CONCATENATE(A24,"_",F24,G24,H24) -> BA Office_2025AUNCC | M24: =CONCATENATE(L24,"ScheduleSet") -> BA Office_2025AUNCCScheduleSet | N24: 200 | O24: 5 | P24: 0.053819575 | Q24: 255.91 | R24: 75 | S24: 187.67 | T24: 55 | W24: 130 | X24: 0.57692308 | Y24: NCC S35C2n | Z24: Class 5 (Office) - Other applications (non-dining) | AC24: =CONCATENATE(Y24,Z24,AA24,AB24,A24,"PeopleDef") -> NCC S35C2nClass 5 (Office) - Other applications (non-dining)BA OfficePeopleDef | AD24: NECB-A-Occupancy | AE24: =CONCATENATE(A24,"Activity") -> BA OfficeActivity | AH24: 0.09 | AI24: =AH24*0.00508 -> 0.0004572 | AM24: COMNET-REV9 | AN24: WholeBuilding | AQ24: =CONCATENATE(AM24,AN24,AO24,AP24,A24,"Vent") -> COMNET-REV9WholeBuildingBA OfficeVent | AR24: 1.021933 | AS24: 11 | AT24: 0 | AU24: 0.5 | AV24: 0 | AW24: NCC S35C2l | AX24: COMNET-REV9 | AY24: NCC S35C2l for equipment W/m2; radiant/latent/lost fraction split retained from original WA/COMNET-REV9 source (AIRAH Technical Handbook does not publish this split) | AZ24: =CONCATENATE(AW24,AX24,AY24,A24,"ElectricalEquipDef") -> NCC S35C2lCOMNET-REV9NCC S35C2l for equipment W/m2; radiant/latent/lost fraction split retained from original WA/COMNET-REV9 source (AIRAH Technical Handbook does not publish this split)BA OfficeElectricalEquipDef | BA24: NECB-A-Electric-Equipment | BB24: 0.418064 | BC24: 4.5 | BD24: 0.37 | BE24: 0.2 | BF24: NCC J7D3a | BG24: COMNET-REV9 | BH24: NCC J7D3a for lighting W/m2 (office >= 200 lux row); radiant/visible fraction split retained from original WA/COMNET-REV9 source (AIRAH Technical Handbook does not publish this split) | BI24: =CONCATENATE(BF24,BG24,BH24,"LightingDef") -> NCC J7D3aCOMNET-REV9NCC J7D3a for lighting W/m2 (office >= 200 lux row); radiant/visible fraction split retained from original WA/COMNET-REV9 source (AIRAH Technical Handbook does not publish this split)LightingDef | BJ24: NECB-A-Lighting | BK24: 0 | BL24: 0 | BM24: 0 | BN24: 0 | BO24: 0 | BP24: 0 | BQ24: N/A | BS24: No gas appliances assumed for Class 5 office; consistent with NCC Spec 35 (no gas equipment profile modelled for offices) | BT24: =CONCATENATE(BQ24,BR24,BS24,A24,"GasEquipDef") -> N/ANo gas appliances assumed for Class 5 office; consistent with NCC Spec 35 (no gas equipment profile modelled for offices)BA OfficeGasEquipDef | BU24: OfficeMedium BLDG_EQUIP_SCH | BW24: 0.7 | BY24: NCC S34C2(6) | BZ24: 0.7 ACH assumed as design infiltration for periods without mechanical outdoor air supply; NCC also specifies 0.35 ACH when mechanical OA is operating (to be applied via infiltration schedule once developed) | CB24: =CONCATENATE(CE24,"_",CF24) -> Office_WholeBuilding | CC24: =CONCATENATE(BY24,BZ24,A24,"Infil") -> NCC S34C2(6)0.7 ACH assumed as design infiltration for periods without mechanical outdoor air supply; NCC also specifies 0.35 ACH when mechanical OA is operating (to be applied via infiltration schedule once developed)BA OfficeInfil | CD24: Always On | CE24: Office | CF24: WholeBuilding | CH24: 2 | CJ24: MediumSmooth | CK24: 0.15 | CL24: 0.12 | CM24: 540 | CN24: 1210 | CO24: 0.9 | CP24: 0.7 | CQ24: 0.7 | CR24: Std Wood 6inch | CS24: OpenStudio-Prototype-Buildings | CV24: =CR24 -> Std Wood 6inch | CW24: =CONCATENATE(CS24,CT24,CU24,CV24,"InternalMassDef") -> OpenStudio-Prototype-BuildingsStd Wood 6inchInternalMassDef
A25: BA Parking Garage | B25: =CONCATENATE(F25,"_",G25,"_",H25) -> 2025_AU_NCC | C25: =MID(A25,4,80) -> Parking Garage | D25: Whole Building | E25: WholeBuilding | F25: 2025 | G25: AU | H25: NCC | I25: 255 | J25: 255 | K25: 255 | L25: =CONCATENATE(A25,"_",F25,G25,H25) -> BA Parking Garage_2025AUNCC | M25: =CONCATENATE(L25,"ScheduleSet") -> BA Parking Garage_2025AUNCCScheduleSet | Q25: 255.91 | R25: 75 | S25: 187.67 | T25: 55 | W25: 130 | X25: 0.57692308 | Y25: NCC S35C2n | Z25: Other applications (non-dining) | AR25: 0 | AS25: 0 | AT25: 0 | AU25: 0.06 | AV25: 0.88 | AW25: NCC S35C2l | AX25: Medium Estimate: Workplace, 20% of Spaces with Level 2 Charger12%lost to heat | AY25: Class 7a (Other applications) - no equipment load per S35C2l; radiant/latent/lost fraction split retained from original WA/COMNET-REV9 source (AIRAH Technical Handbook does not publish this split) | AZ25: =CONCATENATE(AW25,AX25,AY25,A25,"ElectricalEquipDef") -> NCC S35C2lMedium Estimate: Workplace, 20% of Spaces with Level 2 Charger12%lost to heatClass 7a (Other applications) - no equipment load per S35C2l; radiant/latent/lost fraction split retained from original WA/COMNET-REV9 source (AIRAH Technical Handbook does not publish this split)BA Parking GarageElectricalEquipDef | BA25: NECB-H-Electric-Equipment | BB25: 0.185806 | BC25: 2 | BD25: 0.37 | BE25: 0.2 | BF25: NCC J7D3a | BH25: Carpark - general; radiant/visible fraction split retained from original WA/COMNET-REV9 source (AIRAH Technical Handbook does not publish this split) | BI25: =CONCATENATE(BF25,BG25,BH25,"LightingDef") -> NCC J7D3aCarpark - general; radiant/visible fraction split retained from original WA/COMNET-REV9 source (AIRAH Technical Handbook does not publish this split)LightingDef | BJ25: NECB-H-Lighting | BK25: 0 | BL25: 0 | BM25: 0 | BN25: 0 | BO25: 0.75 | BP25: 0.25 | BQ25: COMNET-REV9 | BR25: California Commercial End-Use Survey (CEUS) | BS25: 93%ThermEffRadiant | BT25: =CONCATENATE(BQ25,BR25,BS25,A25,"GasEquipDef") -> COMNET-REV9California Commercial End-Use Survey (CEUS)93%ThermEffRadiantBA Parking GarageGasEquipDef | BU25: NECB-H-Electric-Equipment | BW25: 0.7 | BY25: NCC S34C2(6) | BZ25: 0.7 ACH assumed as design infiltration for periods without mechanical outdoor air supply; NCC also specifies 0.35 ACH when mechanical OA is operating (to be applied via infiltration schedule once developed) | CB25: =CONCATENATE(CE25,"_",CF25) -> Parking garage_WholeBuilding | CC25: =CONCATENATE(BY25,BZ25,A25,"Infil") -> NCC S34C2(6)0.7 ACH assumed as design infiltration for periods without mechanical outdoor air supply; NCC also specifies 0.35 ACH when mechanical OA is operating (to be applied via infiltration schedule once developed)BA Parking GarageInfil | CD25: Always On | CE25: Parking garage | CF25: WholeBuilding | CH25: 2 | CJ25: MediumSmooth | CK25: 0.15 | CL25: 0.12 | CM25: 540 | CN25: 1210 | CO25: 0.9 | CP25: 0.7 | CQ25: 0.7 | CR25: Std Wood 6inch | CS25: OpenStudio-Prototype-Buildings | CV25: =CR25 -> Std Wood 6inch | CW25: =CONCATENATE(CS25,CT25,CU25,CV25,"InternalMassDef") -> OpenStudio-Prototype-BuildingsStd Wood 6inchInternalMassDef
A26: BA Penitentiary | B26: =CONCATENATE(F26,"_",G26,"_",H26) -> 2025_AU_NCC | C26: =MID(A26,4,80) -> Penitentiary | D26: Whole Building | E26: WholeBuilding | F26: 2025 | G26: AU | H26: NCC | I26: 255 | J26: 255 | K26: 255 | L26: =CONCATENATE(A26,"_",F26,G26,H26) -> BA Penitentiary_2025AUNCC | M26: =CONCATENATE(L26,"ScheduleSet") -> BA Penitentiary_2025AUNCCScheduleSet | N26: 40 | O26: 25 | P26: 0.26909788 | Q26: 255.91 | R26: 75 | S26: 187.67 | T26: 55 | W26: 130 | X26: 0.57692308 | Y26: NCC S35C2n | Z26: Other applications (non-dining) | AC26: =CONCATENATE(Y26,Z26,AA26,AB26,A26,"PeopleDef") -> NCC S35C2nOther applications (non-dining)BA PenitentiaryPeopleDef | AD26: NECB-H-Occupancy | AE26: =CONCATENATE(A26,"Activity") -> BA PenitentiaryActivity | AH26: 0.25 | AI26: =AH26*0.00508 -> 0.00127 | AM26: COMNET-REV9 | AN26: WholeBuilding | AQ26: =CONCATENATE(AM26,AN26,AO26,AP26,A26,"Vent") -> COMNET-REV9WholeBuildingBA PenitentiaryVent | AR26: 1.4928323 | AS26: 16.068847 | AT26: 0 | AU26: 0.5 | AV26: 0 | AW26: COMNET-REV9 | AX26: NREL 956/Eley Analysis | AY26: DOEPrototype | AZ26: =CONCATENATE(AW26,AX26,AY26,A26,"ElectricalEquipDef") -> COMNET-REV9NREL 956/Eley AnalysisDOEPrototypeBA PenitentiaryElectricalEquipDef | BA26: NECB-H-Electric-Equipment | BB26: 0.65 | BC26: 6.99654 | BD26: 0.37 | BE26: 0.2 | BF26: IECC Table C405.3.2(1) | BH26: Penitentiary; radiant/visible fraction split retained from original WA/COMNET-REV9 source | BI26: =CONCATENATE(BF26,BG26,BH26,"LightingDef") -> IECC Table C405.3.2(1)Penitentiary; radiant/visible fraction split retained from original WA/COMNET-REV9 sourceLightingDef | BJ26: NECB-H-Lighting | BK26: 0.20408764 | BL26: 0.69634703 | BM26: 7.4954795 | BN26: 0 | BO26: 0.75 | BP26: 0.25 | BQ26: COMNET-REV9 | BR26: California Commercial End-Use Survey (CEUS) | BS26: 93%ThermEffRadiant | BT26: =CONCATENATE(BQ26,BR26,BS26,A26,"GasEquipDef") -> COMNET-REV9California Commercial End-Use Survey (CEUS)93%ThermEffRadiantBA PenitentiaryGasEquipDef | BU26: NECB-D-Electric-Equipment | BW26: 0.7 | BY26: NCC S34C2(6) | BZ26: 0.7 ACH assumed as design infiltration for periods without mechanical outdoor air supply; NCC also specifies 0.35 ACH when mechanical OA is operating (to be applied via infiltration schedule once developed) | CB26: =CONCATENATE(CE26,"_",CF26) -> Penitentiary_WholeBuilding | CC26: =CONCATENATE(BY26,BZ26,A26,"Infil") -> NCC S34C2(6)0.7 ACH assumed as design infiltration for periods without mechanical outdoor air supply; NCC also specifies 0.35 ACH when mechanical OA is operating (to be applied via infiltration schedule once developed)BA PenitentiaryInfil | CD26: Always On | CE26: Penitentiary | CF26: WholeBuilding | CH26: 2 | CJ26: MediumSmooth | CK26: 0.15 | CL26: 0.12 | CM26: 540 | CN26: 1210 | CO26: 0.9 | CP26: 0.7 | CQ26: 0.7 | CR26: Std Wood 6inch | CS26: OpenStudio-Prototype-Buildings | CV26: =CR26 -> Std Wood 6inch | CW26: =CONCATENATE(CS26,CT26,CU26,CV26,"InternalMassDef") -> OpenStudio-Prototype-BuildingsStd Wood 6inchInternalMassDef
A27: BA Performing Arts Theater | B27: =CONCATENATE(F27,"_",G27,"_",H27) -> 2025_AU_NCC | C27: =MID(A27,4,80) -> Performing Arts Theater | D27: Whole Building | E27: WholeBuilding | F27: 2025 | G27: AU | H27: NCC | I27: 255 | J27: 255 | K27: 255 | L27: =CONCATENATE(A27,"_",F27,G27,H27) -> BA Performing Arts Theater_2025AUNCC | M27: =CONCATENATE(L27,"ScheduleSet") -> BA Performing Arts Theater_2025AUNCCScheduleSet | N27: 14 | O27: 71.428571 | P27: 0.76885108 | Q27: 255.91 | R27: 75 | S27: 187.67 | T27: 55 | W27: 130 | X27: 0.57692308 | Y27: NCC S35C2n | Z27: Other applications (non-dining) | AC27: =CONCATENATE(Y27,Z27,AA27,AB27,A27,"PeopleDef") -> NCC S35C2nOther applications (non-dining)BA Performing Arts TheaterPeopleDef | AD27: NECB-C-Occupancy | AE27: =CONCATENATE(A27,"Activity") -> BA Performing Arts TheaterActivity | AH27: 0.76 | AI27: =AH27*0.00508 -> 0.0038608 | AM27: COMNET-REV9 | AN27: WholeBuilding | AQ27: =CONCATENATE(AM27,AN27,AO27,AP27,A27,"Vent") -> COMNET-REV9WholeBuildingBA Performing Arts TheaterVent | AR27: 0 | AS27: 0 | AT27: 0 | AU27: 0.5 | AV27: 0 | AW27: NCC S35C2l | AX27: NREL 956/Eley Analysis | AY27: Class 9b (Other applications) - no equipment load per S35C2l; radiant/latent/lost fraction split retained from original WA/COMNET-REV9 source (AIRAH Technical Handbook does not publish this split) | AZ27: =CONCATENATE(AW27,AX27,AY27,A27,"ElectricalEquipDef") -> NCC S35C2lNREL 956/Eley AnalysisClass 9b (Other applications) - no equipment load per S35C2l; radiant/latent/lost fraction split retained from original WA/COMNET-REV9 source (AIRAH Technical Handbook does not publish this split)BA Performing Arts TheaterElectricalEquipDef | BA27: NECB-C-Electric-Equipment | BB27: 0.743224 | BC27: 8 | BD27: 0.37 | BE27: 0.2 | BF27: NCC J7D3a | BH27: Auditorium, church and public hall (nearest; no dedicated theatre row); radiant/visible fraction split retained from original WA/COMNET-REV9 source (AIRAH Technical Handbook does not publish this split) | BI27: =CONCATENATE(BF27,BG27,BH27,"LightingDef") -> NCC J7D3aAuditorium, church and public hall (nearest; no dedicated theatre row); radiant/visible fraction split retained from original WA/COMNET-REV9 source (AIRAH Technical Handbook does not publish this split)LightingDef | BJ27: NECB-C-Lighting | BK27: 0.006691398 | BL27: 0.02283105 | BM27: 0.24575342 | BN27: 0.01 | BO27: 0.4 | BP27: 0.4 | BQ27: COMNET-REV9 | BR27: California Commercial End-Use Survey (CEUS) | BS27: 60%ThermEffProcess | BT27: =CONCATENATE(BQ27,BR27,BS27,A27,"GasEquipDef") -> COMNET-REV9California Commercial End-Use Survey (CEUS)60%ThermEffProcessBA Performing Arts TheaterGasEquipDef | BU27: NECB-C-Electric-Equipment | BW27: 0.7 | BY27: NCC S34C2(6) | BZ27: 0.7 ACH assumed as design infiltration for periods without mechanical outdoor air supply; NCC also specifies 0.35 ACH when mechanical OA is operating (to be applied via infiltration schedule once developed) | CB27: =CONCATENATE(CE27,"_",CF27) -> Performing arts theatre_WholeBuilding | CC27: =CONCATENATE(BY27,BZ27,A27,"Infil") -> NCC S34C2(6)0.7 ACH assumed as design infiltration for periods without mechanical outdoor air supply; NCC also specifies 0.35 ACH when mechanical OA is operating (to be applied via infiltration schedule once developed)BA Performing Arts TheaterInfil | CD27: Always On | CE27: Performing arts theatre | CF27: WholeBuilding | CH27: 2 | CJ27: MediumSmooth | CK27: 0.15 | CL27: 0.12 | CM27: 540 | CN27: 1210 | CO27: 0.9 | CP27: 0.7 | CQ27: 0.7 | CR27: Std Wood 6inch | CS27: OpenStudio-Prototype-Buildings | CV27: =CR27 -> Std Wood 6inch | CW27: =CONCATENATE(CS27,CT27,CU27,CV27,"InternalMassDef") -> OpenStudio-Prototype-BuildingsStd Wood 6inchInternalMassDef
A28: BA Police Station | B28: =CONCATENATE(F28,"_",G28,"_",H28) -> 2025_AU_NCC | C28: =MID(A28,4,80) -> Police Station | D28: Whole Building | E28: WholeBuilding | F28: 2025 | G28: AU | H28: NCC | I28: 255 | J28: 255 | K28: 255 | L28: =CONCATENATE(A28,"_",F28,G28,H28) -> BA Police Station_2025AUNCC | M28: =CONCATENATE(L28,"ScheduleSet") -> BA Police Station_2025AUNCCScheduleSet | N28: 33 | O28: 30.30303 | P28: 0.32617924 | Q28: 255.91 | R28: 75 | S28: 187.67 | T28: 55 | W28: 130 | X28: 0.57692308 | Y28: NCC S35C2n | Z28: Other applications (non-dining) | AC28: =CONCATENATE(Y28,Z28,AA28,AB28,A28,"PeopleDef") -> NCC S35C2nOther applications (non-dining)BA Police StationPeopleDef | AD28: NECB-H-Occupancy | AE28: =CONCATENATE(A28,"Activity") -> BA Police StationActivity | AH28: 0.21 | AI28: =AH28*0.00508 -> 0.0010668 | AM28: COMNET-REV9 | AN28: WholeBuilding | AQ28: =CONCATENATE(AM28,AN28,AO28,AP28,A28,"Vent") -> COMNET-REV9WholeBuildingBA Police StationVent | AR28: 0.562063 | AS28: 6.05 | AT28: 0 | AU28: 0.5 | AV28: 0 | AW28: NCC S35C2l | AX28: NREL 956/Eley Analysis | AY28: AUTHOR-ASSUMED area-weighted composite (not a direct NCC table value) - Police Station is not a single NCC building class, decomposed as: Office / Admin / Records (Class 5) 55%; Public Reception / Waiting (Class 9b, other applications) 25%; Detention / Holding (no distinct NCC class) 20%. Equipment W/m2 per component per S35C2l, blended by area fraction. Adjust fractions to match actual floor plan; radiant/latent/lost fraction split retained from original WA/COMNET-REV9 source (AIRAH Technical Handbook does not publish this split) | AZ28: =CONCATENATE(AW28,AX28,AY28,A28,"ElectricalEquipDef") -> NCC S35C2lNREL 956/Eley AnalysisAUTHOR-ASSUMED area-weighted composite (not a direct NCC table value) - Police Station is not a single NCC building class, decomposed as: Office / Admin / Records (Class 5) 55%; Public Reception / Waiting (Class 9b, other applications) 25%; Detention / Holding (no distinct NCC class) 20%. Equipment W/m2 per component per S35C2l, blended by area fraction. Adjust fractions to match actual floor plan; radiant/latent/lost fraction split retained from original WA/COMNET-REV9 source (AIRAH Technical Handbook does not publish this split)BA Police StationElectricalEquipDef | BA28: NECB-H-Electric-Equipment | BB28: 0.494709 | BC28: 5.33 | BD28: 0.37 | BE28: 0.2 | BF28: NCC J7D3a | BH28: AUTHOR-ASSUMED area-weighted composite (not a direct NCC table value) - Office / Admin / Records (Class 5) 55% -> Office - artificially lit to >= 200 lux (4.5 W/m2); Public Reception / Waiting (Class 9b, other applications) 25% -> Entry lobby from outside the building (9.0 W/m2); Detention / Holding (no distinct NCC class) 20% -> Toilet, locker room, staff room, rest room and the like (utilitarian proxy - no dedicated holding-cell row) (3.0 W/m2). Adjust fractions to match actual floor plan; radiant/latent/lost fraction split retained from original WA/COMNET-REV9 source (AIRAH Technical Handbook does not publish this split) | BI28: =CONCATENATE(BF28,BG28,BH28,"LightingDef") -> NCC J7D3aAUTHOR-ASSUMED area-weighted composite (not a direct NCC table value) - Office / Admin / Records (Class 5) 55% -> Office - artificially lit to >= 200 lux (4.5 W/m2); Public Reception / Waiting (Class 9b, other applications) 25% -> Entry lobby from outside the building (9.0 W/m2); Detention / Holding (no distinct NCC class) 20% -> Toilet, locker room, staff room, rest room and the like (utilitarian proxy - no dedicated holding-cell row) (3.0 W/m2). Adjust fractions to match actual floor plan; radiant/latent/lost fraction split retained from original WA/COMNET-REV9 source (AIRAH Technical Handbook does not publish this split)LightingDef | BJ28: NECB-H-Lighting | BK28: 0.22081614 | BL28: 0.75342466 | BM28: 8.109863 | BN28: 0 | BO28: 0.75 | BP28: 0.25 | BQ28: COMNET-REV9 | BR28: California Commercial End-Use Survey (CEUS) | BS28: 93%ThermEffRadiant | BT28: =CONCATENATE(BQ28,BR28,BS28,A28,"GasEquipDef") -> COMNET-REV9California Commercial End-Use Survey (CEUS)93%ThermEffRadiantBA Police StationGasEquipDef | BU28: NECB-H-Electric-Equipment | BW28: 0.7 | BY28: NCC S34C2(6) | BZ28: 0.7 ACH assumed as design infiltration for periods without mechanical outdoor air supply; NCC also specifies 0.35 ACH when mechanical OA is operating (to be applied via infiltration schedule once developed) | CB28: =CONCATENATE(CE28,"_",CF28) -> Police station_WholeBuilding | CC28: =CONCATENATE(BY28,BZ28,A28,"Infil") -> NCC S34C2(6)0.7 ACH assumed as design infiltration for periods without mechanical outdoor air supply; NCC also specifies 0.35 ACH when mechanical OA is operating (to be applied via infiltration schedule once developed)BA Police StationInfil | CD28: Always On | CE28: Police station | CF28: WholeBuilding | CH28: 2 | CJ28: MediumSmooth | CK28: 0.15 | CL28: 0.12 | CM28: 540 | CN28: 1210 | CO28: 0.9 | CP28: 0.7 | CQ28: 0.7 | CR28: Std Wood 6inch | CS28: OpenStudio-Prototype-Buildings | CV28: =CR28 -> Std Wood 6inch | CW28: =CONCATENATE(CS28,CT28,CU28,CV28,"InternalMassDef") -> OpenStudio-Prototype-BuildingsStd Wood 6inchInternalMassDef
A29: BA Post Office | B29: =CONCATENATE(F29,"_",G29,"_",H29) -> 2025_AU_NCC | C29: =MID(A29,4,80) -> Post Office | D29: Whole Building | E29: WholeBuilding | F29: 2025 | G29: AU | H29: NCC | I29: 255 | J29: 255 | K29: 255 | L29: =CONCATENATE(A29,"_",F29,G29,H29) -> BA Post Office_2025AUNCC | M29: =CONCATENATE(L29,"ScheduleSet") -> BA Post Office_2025AUNCCScheduleSet | N29: 33 | O29: 30.30303 | P29: 0.32617924 | Q29: 255.91 | R29: 75 | S29: 187.67 | T29: 55 | W29: 130 | X29: 0.57692308 | Y29: NCC S35C2n | Z29: Other applications (non-dining) | AC29: =CONCATENATE(Y29,Z29,AA29,AB29,A29,"PeopleDef") -> NCC S35C2nOther applications (non-dining)BA Post OfficePeopleDef | AD29: NECB-A-Occupancy | AE29: =CONCATENATE(A29,"Activity") -> BA Post OfficeActivity | AH29: 0.21 | AI29: =AH29*0.00508 -> 0.0010668 | AM29: COMNET-REV9 | AN29: WholeBuilding | AQ29: =CONCATENATE(AM29,AN29,AO29,AP29,A29,"Vent") -> COMNET-REV9WholeBuildingBA Post OfficeVent | AR29: 0.90907202 | AS29: 9.7852512 | AT29: 0 | AU29: 0.5 | AV29: 0 | AW29: COMNET-REV9 | AX29: NREL 956/Eley Analysis | AY29: DOEPrototype | AZ29: =CONCATENATE(AW29,AX29,AY29,A29,"ElectricalEquipDef") -> COMNET-REV9NREL 956/Eley AnalysisDOEPrototypeBA Post OfficeElectricalEquipDef | BA29: NECB-A-Electric-Equipment | BB29: 0.64 | BC29: 6.8889 | BD29: 0.37 | BE29: 0.2 | BF29: IECC Table C405.3.2(1) | BH29: Post office; radiant/visible fraction split retained from original WA/COMNET-REV9 source | BI29: =CONCATENATE(BF29,BG29,BH29,"LightingDef") -> IECC Table C405.3.2(1)Post office; radiant/visible fraction split retained from original WA/COMNET-REV9 sourceLightingDef | BJ29: NECB-A-Lighting | BK29: 0.22081614 | BL29: 0.75342466 | BM29: 8.109863 | BN29: 0 | BO29: 0.75 | BP29: 0.25 | BQ29: COMNET-REV9 | BR29: California Commercial End-Use Survey (CEUS) | BS29: 93%ThermEffRadiant | BT29: =CONCATENATE(BQ29,BR29,BS29,A29,"GasEquipDef") -> COMNET-REV9California Commercial End-Use Survey (CEUS)93%ThermEffRadiantBA Post OfficeGasEquipDef | BU29: NECB-A-Electric-Equipment | BW29: 0.7 | BY29: NCC S34C2(6) | BZ29: 0.7 ACH assumed as design infiltration for periods without mechanical outdoor air supply; NCC also specifies 0.35 ACH when mechanical OA is operating (to be applied via infiltration schedule once developed) | CB29: =CONCATENATE(CE29,"_",CF29) -> Post office_WholeBuilding | CC29: =CONCATENATE(BY29,BZ29,A29,"Infil") -> NCC S34C2(6)0.7 ACH assumed as design infiltration for periods without mechanical outdoor air supply; NCC also specifies 0.35 ACH when mechanical OA is operating (to be applied via infiltration schedule once developed)BA Post OfficeInfil | CD29: Always On | CE29: Post office | CF29: WholeBuilding | CH29: 2 | CJ29: MediumSmooth | CK29: 0.15 | CL29: 0.12 | CM29: 540 | CN29: 1210 | CO29: 0.9 | CP29: 0.7 | CQ29: 0.7 | CR29: Std Wood 6inch | CS29: OpenStudio-Prototype-Buildings | CV29: =CR29 -> Std Wood 6inch | CW29: =CONCATENATE(CS29,CT29,CU29,CV29,"InternalMassDef") -> OpenStudio-Prototype-BuildingsStd Wood 6inchInternalMassDef
A30: BA Religious Building | B30: =CONCATENATE(F30,"_",G30,"_",H30) -> 2025_AU_NCC | C30: =MID(A30,4,80) -> Religious Building | D30: Whole Building | E30: WholeBuilding | F30: 2025 | G30: AU | H30: NCC | I30: 255 | J30: 255 | K30: 255 | L30: =CONCATENATE(A30,"_",F30,G30,H30) -> BA Religious Building_2025AUNCC | M30: =CONCATENATE(L30,"ScheduleSet") -> BA Religious Building_2025AUNCCScheduleSet | N30: 8 | O30: 125 | P30: 1.3454894 | Q30: 255.91 | R30: 75 | S30: 187.67 | T30: 55 | W30: 130 | X30: 0.57692308 | Y30: NCC S35C2n | Z30: Other applications (non-dining) | AC30: =CONCATENATE(Y30,Z30,AA30,AB30,A30,"PeopleDef") -> NCC S35C2nOther applications (non-dining)BA Religious BuildingPeopleDef | AD30: NECB-I-Occupancy | AE30: =CONCATENATE(A30,"Activity") -> BA Religious BuildingActivity | AH30: 0.66 | AI30: =AH30*0.00508 -> 0.0033528 | AM30: COMNET-REV9 | AN30: WholeBuilding | AQ30: =CONCATENATE(AM30,AN30,AO30,AP30,A30,"Vent") -> COMNET-REV9WholeBuildingBA Religious BuildingVent | AR30: 0 | AS30: 0 | AT30: 0 | AU30: 0.5 | AV30: 0 | AW30: NCC S35C2l | AX30: NREL 956/Eley Analysis | AY30: Class 9b (Other applications) - no equipment load per S35C2l; radiant/latent/lost fraction split retained from original WA/COMNET-REV9 source (AIRAH Technical Handbook does not publish this split) | AZ30: =CONCATENATE(AW30,AX30,AY30,A30,"ElectricalEquipDef") -> NCC S35C2lNREL 956/Eley AnalysisClass 9b (Other applications) - no equipment load per S35C2l; radiant/latent/lost fraction split retained from original WA/COMNET-REV9 source (AIRAH Technical Handbook does not publish this split)BA Religious BuildingElectricalEquipDef | BA30: NECB-I-Electric-Equipment | BB30: 0.743224 | BC30: 8 | BD30: 0.37 | BE30: 0.2 | BF30: NCC J7D3a | BH30: Auditorium, church and public hall; radiant/visible fraction split retained from original WA/COMNET-REV9 source (AIRAH Technical Handbook does not publish this split) | BI30: =CONCATENATE(BF30,BG30,BH30,"LightingDef") -> NCC J7D3aAuditorium, church and public hall; radiant/visible fraction split retained from original WA/COMNET-REV9 source (AIRAH Technical Handbook does not publish this split)LightingDef | BJ30: NECB-I-Lighting | BK30: 0.006691398 | BL30: 0.02283105 | BM30: 0.24575342 | BN30: 0.03 | BO30: 0.4 | BP30: 0.4 | BQ30: COMNET-REV9 | BR30: California Commercial End-Use Survey (CEUS) | BS30: 60%ThermEffProcess | BT30: =CONCATENATE(BQ30,BR30,BS30,A30,"GasEquipDef") -> COMNET-REV9California Commercial End-Use Survey (CEUS)60%ThermEffProcessBA Religious BuildingGasEquipDef | BU30: NECB-I-Electric-Equipment | BW30: 0.7 | BY30: NCC S34C2(6) | BZ30: 0.7 ACH assumed as design infiltration for periods without mechanical outdoor air supply; NCC also specifies 0.35 ACH when mechanical OA is operating (to be applied via infiltration schedule once developed) | CB30: =CONCATENATE(CE30,"_",CF30) -> Religious_WholeBuilding | CC30: =CONCATENATE(BY30,BZ30,A30,"Infil") -> NCC S34C2(6)0.7 ACH assumed as design infiltration for periods without mechanical outdoor air supply; NCC also specifies 0.35 ACH when mechanical OA is operating (to be applied via infiltration schedule once developed)BA Religious BuildingInfil | CD30: Always On | CE30: Religious | CF30: WholeBuilding | CH30: 2 | CJ30: MediumSmooth | CK30: 0.15 | CL30: 0.12 | CM30: 540 | CN30: 1210 | CO30: 0.9 | CP30: 0.7 | CQ30: 0.7 | CR30: Std Wood 6inch | CS30: OpenStudio-Prototype-Buildings | CV30: =CR30 -> Std Wood 6inch | CW30: =CONCATENATE(CS30,CT30,CU30,CV30,"InternalMassDef") -> OpenStudio-Prototype-BuildingsStd Wood 6inchInternalMassDef
A31: BA Retail | B31: =CONCATENATE(F31,"_",G31,"_",H31) -> 2025_AU_NCC | C31: =MID(A31,4,80) -> Retail | D31: Whole Building | E31: WholeBuilding | F31: 2025 | G31: AU | H31: NCC | I31: 255 | J31: 255 | K31: 255 | L31: =CONCATENATE(A31,"_",F31,G31,H31) -> BA Retail_2025AUNCC | M31: =CONCATENATE(L31,"ScheduleSet") -> BA Retail_2025AUNCCScheduleSet | N31: 67 | O31: 14.925373 | P31: 0.16065545 | Q31: 255.91 | R31: 75 | S31: 187.67 | T31: 55 | W31: 130 | X31: 0.57692308 | Y31: NCC S35C2n | Z31: Other applications (non-dining) | AC31: =CONCATENATE(Y31,Z31,AA31,AB31,A31,"PeopleDef") -> NCC S35C2nOther applications (non-dining)BA RetailPeopleDef | AD31: NECB-C-Occupancy | AE31: =CONCATENATE(A31,"Activity") -> BA RetailActivity | AH31: 0.23 | AI31: =AH31*0.00508 -> 0.0011684 | AM31: COMNET-REV9 | AN31: WholeBuilding | AQ31: =CONCATENATE(AM31,AN31,AO31,AP31,A31,"Vent") -> COMNET-REV9WholeBuildingBA RetailVent | AR31: 0.464515 | AS31: 5 | AT31: 0 | AU31: 0.5 | AV31: 0 | AW31: NCC S35C2l | AX31: NREL 956/Eley Analysis | AY31: Class 6 shop/shopping centre; radiant/latent/lost fraction split retained from original WA/COMNET-REV9 source (AIRAH Technical Handbook does not publish this split) | AZ31: =CONCATENATE(AW31,AX31,AY31,A31,"ElectricalEquipDef") -> NCC S35C2lNREL 956/Eley AnalysisClass 6 shop/shopping centre; radiant/latent/lost fraction split retained from original WA/COMNET-REV9 source (AIRAH Technical Handbook does not publish this split)BA RetailElectricalEquipDef | BA31: NECB-C-Electric-Equipment | BB31: 1.300643 | BC31: 14 | BD31: 0.37 | BE31: 0.2 | BF31: NCC J7D3a | BH31: Retail space including a museum and gallery whose purpose is the sale of objects; radiant/visible fraction split retained from original WA/COMNET-REV9 source (AIRAH Technical Handbook does not publish this split) | BI31: =CONCATENATE(BF31,BG31,BH31,"LightingDef") -> NCC J7D3aRetail space including a museum and gallery whose purpose is the sale of objects; radiant/visible fraction split retained from original WA/COMNET-REV9 source (AIRAH Technical Handbook does not publish this split)LightingDef | BJ31: NECB-C-Lighting | BK31: 0.026765592 | BL31: 0.091324201 | BM31: 0.9830137 | BN31: 0.01 | BO31: 0.4 | BP31: 0.4 | BQ31: COMNET-REV9 | BR31: California Commercial End-Use Survey (CEUS) | BS31: 60%ThermEffProcess | BT31: =CONCATENATE(BQ31,BR31,BS31,A31,"GasEquipDef") -> COMNET-REV9California Commercial End-Use Survey (CEUS)60%ThermEffProcessBA RetailGasEquipDef | BU31: RetailStandalone BLDG_EQUIP_SCH | BW31: 0.7 | BY31: NCC S34C2(6) | BZ31: 0.7 ACH assumed as design infiltration for periods without mechanical outdoor air supply; NCC also specifies 0.35 ACH when mechanical OA is operating (to be applied via infiltration schedule once developed) | CB31: =CONCATENATE(CE31,"_",CF31) -> Retail_WholeBuilding | CC31: =CONCATENATE(BY31,BZ31,A31,"Infil") -> NCC S34C2(6)0.7 ACH assumed as design infiltration for periods without mechanical outdoor air supply; NCC also specifies 0.35 ACH when mechanical OA is operating (to be applied via infiltration schedule once developed)BA RetailInfil | CD31: Always On | CE31: Retail | CF31: WholeBuilding | CH31: 2 | CJ31: MediumSmooth | CK31: 0.15 | CL31: 0.12 | CM31: 540 | CN31: 1210 | CO31: 0.9 | CP31: 0.7 | CQ31: 0.7 | CR31: Std Wood 6inch | CS31: OpenStudio-Prototype-Buildings | CV31: =CR31 -> Std Wood 6inch | CW31: =CONCATENATE(CS31,CT31,CU31,CV31,"InternalMassDef") -> OpenStudio-Prototype-BuildingsStd Wood 6inchInternalMassDef
A32: BA School/University | B32: =CONCATENATE(F32,"_",G32,"_",H32) -> 2025_AU_NCC | C32: =MID(A32,4,80) -> School/University | D32: Whole Building | E32: WholeBuilding | F32: 2025 | G32: AU | H32: NCC | I32: 255 | J32: 255 | K32: 255 | L32: =CONCATENATE(A32,"_",F32,G32,H32) -> BA School/University_2025AUNCC | M32: =CONCATENATE(L32,"ScheduleSet") -> BA School/University_2025AUNCCScheduleSet | N32: 40 | O32: 25 | P32: 0.26909788 | Q32: 255.91 | R32: 75 | S32: 187.67 | T32: 55 | W32: 130 | X32: 0.57692308 | Y32: NCC S35C2n | Z32: Other applications (non-dining) | AC32: =CONCATENATE(Y32,Z32,AA32,AB32,A32,"PeopleDef") -> NCC S35C2nOther applications (non-dining)BA School/UniversityPeopleDef | AD32: NECB-D-Occupancy | AE32: =CONCATENATE(A32,"Activity") -> BA School/UniversityActivity | AH32: 0.47 | AI32: =AH32*0.00508 -> 0.0023876 | AM32: COMNET-REV9 | AN32: WholeBuilding | AQ32: =CONCATENATE(AM32,AN32,AO32,AP32,A32,"Vent") -> COMNET-REV9WholeBuildingBA School/UniversityVent | AR32: 0.464515 | AS32: 5 | AT32: 0 | AU32: 0.5 | AV32: 0 | AW32: NCC S35C2l | AX32: NREL 956/Eley Analysis | AY32: Class 9b school; radiant/latent/lost fraction split retained from original WA/COMNET-REV9 source (AIRAH Technical Handbook does not publish this split) | AZ32: =CONCATENATE(AW32,AX32,AY32,A32,"ElectricalEquipDef") -> NCC S35C2lNREL 956/Eley AnalysisClass 9b school; radiant/latent/lost fraction split retained from original WA/COMNET-REV9 source (AIRAH Technical Handbook does not publish this split)BA School/UniversityElectricalEquipDef | BA32: NECB-D-Electric-Equipment | BB32: 0.418064 | BC32: 4.5 | BD32: 0.37 | BE32: 0.2 | BF32: NCC J7D3a | BH32: School - general purpose learning areas and tutorial rooms; radiant/visible fraction split retained from original WA/COMNET-REV9 source (AIRAH Technical Handbook does not publish this split) | BI32: =CONCATENATE(BF32,BG32,BH32,"LightingDef") -> NCC J7D3aSchool - general purpose learning areas and tutorial rooms; radiant/visible fraction split retained from original WA/COMNET-REV9 source (AIRAH Technical Handbook does not publish this split)LightingDef | BJ32: NECB-D-Lighting | BK32: 0.040148388 | BL32: 0.1369863 | BM32: 1.4745205 | BN32: 0.01 | BO32: 0.4 | BP32: 0.4 | BQ32: COMNET-REV9 | BR32: California Commercial End-Use Survey (CEUS) | BS32: 60%ThermEffProcess | BT32: =CONCATENATE(BQ32,BR32,BS32,A32,"GasEquipDef") -> COMNET-REV9California Commercial End-Use Survey (CEUS)60%ThermEffProcessBA School/UniversityGasEquipDef | BU32: SchoolSecondary BLDG_EQUIP_SCH | BW32: 0.7 | BY32: NCC S34C2(6) | BZ32: 0.7 ACH assumed as design infiltration for periods without mechanical outdoor air supply; NCC also specifies 0.35 ACH when mechanical OA is operating (to be applied via infiltration schedule once developed) | CB32: =CONCATENATE(CE32,"_",CF32) -> School/university_WholeBuilding | CC32: =CONCATENATE(BY32,BZ32,A32,"Infil") -> NCC S34C2(6)0.7 ACH assumed as design infiltration for periods without mechanical outdoor air supply; NCC also specifies 0.35 ACH when mechanical OA is operating (to be applied via infiltration schedule once developed)BA School/UniversityInfil | CD32: Always On | CE32: School/university | CF32: WholeBuilding | CH32: 2 | CJ32: MediumSmooth | CK32: 0.15 | CL32: 0.12 | CM32: 540 | CN32: 1210 | CO32: 0.9 | CP32: 0.7 | CQ32: 0.7 | CR32: Std Wood 6inch | CS32: OpenStudio-Prototype-Buildings | CV32: =CR32 -> Std Wood 6inch | CW32: =CONCATENATE(CS32,CT32,CU32,CV32,"InternalMassDef") -> OpenStudio-Prototype-BuildingsStd Wood 6inchInternalMassDef
A33: BA Sports Arena | B33: =CONCATENATE(F33,"_",G33,"_",H33) -> 2025_AU_NCC | C33: =MID(A33,4,80) -> Sports Arena | D33: Whole Building | E33: WholeBuilding | F33: 2025 | G33: AU | H33: NCC | I33: 255 | J33: 255 | K33: 255 | L33: =CONCATENATE(A33,"_",F33,G33,H33) -> BA Sports Arena_2025AUNCC | M33: =CONCATENATE(L33,"ScheduleSet") -> BA Sports Arena_2025AUNCCScheduleSet | Q33: 255.91 | R33: 75 | S33: 187.67 | T33: 55 | W33: 130 | X33: 0.57692308 | Y33: NCC S35C2n | Z33: Other applications (non-dining) | AH33: 0.3 | AI33: =AH33*0.00508 -> 0.001524 | AM33: COMNET-REV9 | AN33: WholeBuilding | AQ33: =CONCATENATE(AM33,AN33,AO33,AP33,A33,"Vent") -> COMNET-REV9WholeBuildingBA Sports ArenaVent | AR33: 0 | AS33: 0 | AT33: 0 | AU33: 0.5 | AV33: 0 | AW33: NCC S35C2l | AX33: NREL 956/Eley Analysis | AY33: Class 9b (Other applications) - no equipment load per S35C2l; radiant/latent/lost fraction split retained from original WA/COMNET-REV9 source (AIRAH Technical Handbook does not publish this split) | AZ33: =CONCATENATE(AW33,AX33,AY33,A33,"ElectricalEquipDef") -> NCC S35C2lNREL 956/Eley AnalysisClass 9b (Other applications) - no equipment load per S35C2l; radiant/latent/lost fraction split retained from original WA/COMNET-REV9 source (AIRAH Technical Handbook does not publish this split)BA Sports ArenaElectricalEquipDef | BA33: NECB-B-Electric-Equipment | BB33: 0.73 | BC33: 7.85765 | BD33: 0.37 | BE33: 0.2 | BF33: IECC Table C405.3.2(1) | BH33: Sports arena; radiant/visible fraction split retained from original WA/COMNET-REV9 source | BI33: =CONCATENATE(BF33,BG33,BH33,"LightingDef") -> IECC Table C405.3.2(1)Sports arena; radiant/visible fraction split retained from original WA/COMNET-REV9 sourceLightingDef | BJ33: NECB-B-Lighting | BK33: 0.006691398 | BL33: 0.02283105 | BM33: 0.24575342 | BN33: 0 | BO33: 0.75 | BP33: 0.25 | BQ33: COMNET-REV9 | BR33: California Commercial End-Use Survey (CEUS) | BS33: 93%ThermEffRadiant | BT33: =CONCATENATE(BQ33,BR33,BS33,A33,"GasEquipDef") -> COMNET-REV9California Commercial End-Use Survey (CEUS)93%ThermEffRadiantBA Sports ArenaGasEquipDef | BU33: NECB-B-Electric-Equipment | BW33: 0.7 | BY33: NCC S34C2(6) | BZ33: 0.7 ACH assumed as design infiltration for periods without mechanical outdoor air supply; NCC also specifies 0.35 ACH when mechanical OA is operating (to be applied via infiltration schedule once developed) | CB33: =CONCATENATE(CE33,"_",CF33) -> Sports arena_WholeBuilding | CC33: =CONCATENATE(BY33,BZ33,A33,"Infil") -> NCC S34C2(6)0.7 ACH assumed as design infiltration for periods without mechanical outdoor air supply; NCC also specifies 0.35 ACH when mechanical OA is operating (to be applied via infiltration schedule once developed)BA Sports ArenaInfil | CD33: Always On | CE33: Sports arena | CF33: WholeBuilding | CH33: 2 | CJ33: MediumSmooth | CK33: 0.15 | CL33: 0.12 | CM33: 540 | CN33: 1210 | CO33: 0.9 | CP33: 0.7 | CQ33: 0.7 | CR33: Std Wood 6inch | CS33: OpenStudio-Prototype-Buildings | CV33: =CR33 -> Std Wood 6inch | CW33: =CONCATENATE(CS33,CT33,CU33,CV33,"InternalMassDef") -> OpenStudio-Prototype-BuildingsStd Wood 6inchInternalMassDef
A34: BA Town Hall | B34: =CONCATENATE(F34,"_",G34,"_",H34) -> 2025_AU_NCC | C34: =MID(A34,4,80) -> Town Hall | D34: Whole Building | E34: WholeBuilding | F34: 2025 | G34: AU | H34: NCC | I34: 255 | J34: 255 | K34: 255 | L34: =CONCATENATE(A34,"_",F34,G34,H34) -> BA Town Hall_2025AUNCC | M34: =CONCATENATE(L34,"ScheduleSet") -> BA Town Hall_2025AUNCCScheduleSet | N34: 200 | O34: 5 | P34: 0.053819575 | Q34: 255.91 | R34: 75 | S34: 187.67 | T34: 55 | W34: 130 | X34: 0.57692308 | Y34: NCC S35C2n | Z34: Other applications (non-dining) | AC34: =CONCATENATE(Y34,Z34,AA34,AB34,A34,"PeopleDef") -> NCC S35C2nOther applications (non-dining)BA Town HallPeopleDef | AD34: NECB-D-Occupancy | AE34: =CONCATENATE(A34,"Activity") -> BA Town HallActivity | AH34: 0.09 | AI34: =AH34*0.00508 -> 0.0004572 | AM34: COMNET-REV9 | AN34: WholeBuilding | AQ34: =CONCATENATE(AM34,AN34,AO34,AP34,A34,"Vent") -> COMNET-REV9WholeBuildingBA Town HallVent | AR34: 0 | AS34: 0 | AT34: 0 | AU34: 0.5 | AV34: 0 | AW34: NCC S35C2l | AX34: NREL 956/Eley Analysis | AY34: Class 9b (Other applications) - no equipment load per S35C2l; radiant/latent/lost fraction split retained from original WA/COMNET-REV9 source (AIRAH Technical Handbook does not publish this split) | AZ34: =CONCATENATE(AW34,AX34,AY34,A34,"ElectricalEquipDef") -> NCC S35C2lNREL 956/Eley AnalysisClass 9b (Other applications) - no equipment load per S35C2l; radiant/latent/lost fraction split retained from original WA/COMNET-REV9 source (AIRAH Technical Handbook does not publish this split)BA Town HallElectricalEquipDef | BA34: NECB-D-Electric-Equipment | BB34: 0.743224 | BC34: 8 | BD34: 0.37 | BE34: 0.2 | BF34: NCC J7D3a | BH34: Auditorium, church and public hall; radiant/visible fraction split retained from original WA/COMNET-REV9 source (AIRAH Technical Handbook does not publish this split) | BI34: =CONCATENATE(BF34,BG34,BH34,"LightingDef") -> NCC J7D3aAuditorium, church and public hall; radiant/visible fraction split retained from original WA/COMNET-REV9 source (AIRAH Technical Handbook does not publish this split)LightingDef | BJ34: NECB-D-Lighting | BK34: 0.036802689 | BL34: 0.12557078 | BM34: 1.3516438 | BN34: 0.01 | BO34: 0.4 | BP34: 0.4 | BQ34: COMNET-REV9 | BR34: California Commercial End-Use Survey (CEUS) | BS34: 60%ThermEffProcess | BT34: =CONCATENATE(BQ34,BR34,BS34,A34,"GasEquipDef") -> COMNET-REV9California Commercial End-Use Survey (CEUS)60%ThermEffProcessBA Town HallGasEquipDef | BU34: NECB-D-Electric-Equipment | BW34: 0.7 | BY34: NCC S34C2(6) | BZ34: 0.7 ACH assumed as design infiltration for periods without mechanical outdoor air supply; NCC also specifies 0.35 ACH when mechanical OA is operating (to be applied via infiltration schedule once developed) | CB34: =CONCATENATE(CE34,"_",CF34) -> Town hall_WholeBuilding | CC34: =CONCATENATE(BY34,BZ34,A34,"Infil") -> NCC S34C2(6)0.7 ACH assumed as design infiltration for periods without mechanical outdoor air supply; NCC also specifies 0.35 ACH when mechanical OA is operating (to be applied via infiltration schedule once developed)BA Town HallInfil | CD34: Always On | CE34: Town hall | CF34: WholeBuilding | CH34: 2 | CJ34: MediumSmooth | CK34: 0.15 | CL34: 0.12 | CM34: 540 | CN34: 1210 | CO34: 0.9 | CP34: 0.7 | CQ34: 0.7 | CR34: Std Wood 6inch | CS34: OpenStudio-Prototype-Buildings | CV34: =CR34 -> Std Wood 6inch | CW34: =CONCATENATE(CS34,CT34,CU34,CV34,"InternalMassDef") -> OpenStudio-Prototype-BuildingsStd Wood 6inchInternalMassDef
A35: BA Transportation | B35: =CONCATENATE(F35,"_",G35,"_",H35) -> 2025_AU_NCC | C35: =MID(A35,4,80) -> Transportation | D35: Whole Building | E35: WholeBuilding | F35: 2025 | G35: AU | H35: NCC | I35: 255 | J35: 255 | K35: 255 | L35: =CONCATENATE(A35,"_",F35,G35,H35) -> BA Transportation_2025AUNCC | M35: =CONCATENATE(L35,"ScheduleSet") -> BA Transportation_2025AUNCCScheduleSet | N35: 10 | O35: 100 | P35: 1.0763915 | Q35: 255.91 | R35: 75 | S35: 187.67 | T35: 55 | W35: 130 | X35: 0.57692308 | Y35: NCC S35C2n | Z35: Other applications (non-dining) | AC35: =CONCATENATE(Y35,Z35,AA35,AB35,A35,"PeopleDef") -> NCC S35C2nOther applications (non-dining)BA TransportationPeopleDef | AD35: NECB-H-Occupancy | AE35: =CONCATENATE(A35,"Activity") -> BA TransportationActivity | AH35: 0.81 | AI35: =AH35*0.00508 -> 0.0041148 | AM35: COMNET-REV9 | AN35: WholeBuilding | AQ35: =CONCATENATE(AM35,AN35,AO35,AP35,A35,"Vent") -> COMNET-REV9WholeBuildingBA TransportationVent | AR35: 0 | AS35: 0 | AT35: 0 | AU35: 0.5 | AV35: 0 | AW35: NCC S35C2l | AX35: NREL 956/Eley Analysis | AY35: Class 9b (Other applications) - no equipment load per S35C2l; radiant/latent/lost fraction split retained from original WA/COMNET-REV9 source (AIRAH Technical Handbook does not publish this split) | AZ35: =CONCATENATE(AW35,AX35,AY35,A35,"ElectricalEquipDef") -> NCC S35C2lNREL 956/Eley AnalysisClass 9b (Other applications) - no equipment load per S35C2l; radiant/latent/lost fraction split retained from original WA/COMNET-REV9 source (AIRAH Technical Handbook does not publish this split)BA TransportationElectricalEquipDef | BA35: NECB-H-Electric-Equipment | BB35: 0.56 | BC35: 6.02779 | BD35: 0.37 | BE35: 0.2 | BF35: IECC Table C405.3.2(1) | BH35: Transportation; radiant/visible fraction split retained from original WA/COMNET-REV9 source | BI35: =CONCATENATE(BF35,BG35,BH35,"LightingDef") -> IECC Table C405.3.2(1)Transportation; radiant/visible fraction split retained from original WA/COMNET-REV9 sourceLightingDef | BJ35: NECB-H-Lighting | BK35: 0.006691398 | BL35: 0.02283105 | BM35: 0.24575342 | BN35: 0 | BO35: 0.75 | BP35: 0.25 | BQ35: COMNET-REV9 | BR35: California Commercial End-Use Survey (CEUS) | BS35: 93%ThermEffRadiant | BT35: =CONCATENATE(BQ35,BR35,BS35,A35,"GasEquipDef") -> COMNET-REV9California Commercial End-Use Survey (CEUS)93%ThermEffRadiantBA TransportationGasEquipDef | BU35: NECB-H-Electric-Equipment | BW35: 0.7 | BY35: NCC S34C2(6) | BZ35: 0.7 ACH assumed as design infiltration for periods without mechanical outdoor air supply; NCC also specifies 0.35 ACH when mechanical OA is operating (to be applied via infiltration schedule once developed) | CB35: =CONCATENATE(CE35,"_",CF35) -> Transportation_WholeBuilding | CC35: =CONCATENATE(BY35,BZ35,A35,"Infil") -> NCC S34C2(6)0.7 ACH assumed as design infiltration for periods without mechanical outdoor air supply; NCC also specifies 0.35 ACH when mechanical OA is operating (to be applied via infiltration schedule once developed)BA TransportationInfil | CD35: Always On | CE35: Transportation | CF35: WholeBuilding | CH35: 2 | CJ35: MediumSmooth | CK35: 0.15 | CL35: 0.12 | CM35: 540 | CN35: 1210 | CO35: 0.9 | CP35: 0.7 | CQ35: 0.7 | CR35: Std Wood 6inch | CS35: OpenStudio-Prototype-Buildings | CV35: =CR35 -> Std Wood 6inch | CW35: =CONCATENATE(CS35,CT35,CU35,CV35,"InternalMassDef") -> OpenStudio-Prototype-BuildingsStd Wood 6inchInternalMassDef
A36: BA Warehouse | B36: =CONCATENATE(F36,"_",G36,"_",H36) -> 2025_AU_NCC | C36: =MID(A36,4,80) -> Warehouse | D36: Whole Building | E36: WholeBuilding | F36: 2025 | G36: AU | H36: NCC | I36: 255 | J36: 255 | K36: 255 | L36: =CONCATENATE(A36,"_",F36,G36,H36) -> BA Warehouse_2025AUNCC | M36: =CONCATENATE(L36,"ScheduleSet") -> BA Warehouse_2025AUNCCScheduleSet | Q36: 255.91 | R36: 75 | S36: 187.67 | T36: 55 | W36: 130 | X36: 0.57692308 | Y36: NCC S35C2n | Z36: Other applications (non-dining) | AH36: 0.06 | AI36: =AH36*0.00508 -> 0.0003048 | AM36: COMNET-REV9 | AN36: WholeBuilding | AQ36: =CONCATENATE(AM36,AN36,AO36,AP36,A36,"Vent") -> COMNET-REV9WholeBuildingBA WarehouseVent | AR36: 0 | AS36: 0 | AT36: 0 | AU36: 0.5 | AV36: 0 | AW36: NCC S35C2l | AX36: NREL 956/Eley Analysis | AY36: Class 7b (Other applications) - no equipment load per S35C2l; radiant/latent/lost fraction split retained from original WA/COMNET-REV9 source (AIRAH Technical Handbook does not publish this split) | AZ36: =CONCATENATE(AW36,AX36,AY36,A36,"ElectricalEquipDef") -> NCC S35C2lNREL 956/Eley AnalysisClass 7b (Other applications) - no equipment load per S35C2l; radiant/latent/lost fraction split retained from original WA/COMNET-REV9 source (AIRAH Technical Handbook does not publish this split)BA WarehouseElectricalEquipDef | BA36: NECB-A-Electric-Equipment | BB36: 0.139355 | BC36: 1.5 | BD36: 0.37 | BE36: 0.2 | BF36: NCC J7D3a | BH36: Storage; radiant/visible fraction split retained from original WA/COMNET-REV9 source (AIRAH Technical Handbook does not publish this split) | BI36: =CONCATENATE(BF36,BG36,BH36,"LightingDef") -> NCC J7D3aStorage; radiant/visible fraction split retained from original WA/COMNET-REV9 source (AIRAH Technical Handbook does not publish this split)LightingDef | BJ36: NECB-A-Lighting | BK36: 0 | BL36: 0 | BM36: 0 | BN36: 0 | BO36: 0.75 | BP36: 0.25 | BQ36: COMNET-REV9 | BR36: California Commercial End-Use Survey (CEUS) | BS36: 93%ThermEffRadiant | BT36: =CONCATENATE(BQ36,BR36,BS36,A36,"GasEquipDef") -> COMNET-REV9California Commercial End-Use Survey (CEUS)93%ThermEffRadiantBA WarehouseGasEquipDef | BU36: NECB-A-Electric-Equipment | BW36: 0.7 | BY36: NCC S34C2(6) | BZ36: 0.7 ACH assumed as design infiltration for periods without mechanical outdoor air supply; NCC also specifies 0.35 ACH when mechanical OA is operating (to be applied via infiltration schedule once developed) | CB36: =CONCATENATE(CE36,"_",CF36) -> Warehouse_WholeBuilding | CC36: =CONCATENATE(BY36,BZ36,A36,"Infil") -> NCC S34C2(6)0.7 ACH assumed as design infiltration for periods without mechanical outdoor air supply; NCC also specifies 0.35 ACH when mechanical OA is operating (to be applied via infiltration schedule once developed)BA WarehouseInfil | CD36: Always On | CE36: Warehouse | CF36: WholeBuilding | CH36: 2 | CJ36: MediumSmooth | CK36: 0.15 | CL36: 0.12 | CM36: 540 | CN36: 1210 | CO36: 0.9 | CP36: 0.7 | CQ36: 0.7 | CR36: Std Wood 6inch | CS36: OpenStudio-Prototype-Buildings | CV36: =CR36 -> Std Wood 6inch | CW36: =CONCATENATE(CS36,CT36,CU36,CV36,"InternalMassDef") -> OpenStudio-Prototype-BuildingsStd Wood 6inchInternalMassDef
A37: BA Workshop | B37: =CONCATENATE(F37,"_",G37,"_",H37) -> 2025_AU_NCC | C37: =MID(A37,4,80) -> Workshop | D37: Whole Building | E37: WholeBuilding | F37: 2025 | G37: AU | H37: NCC | I37: 255 | J37: 255 | K37: 255 | L37: =CONCATENATE(A37,"_",F37,G37,H37) -> BA Workshop_2025AUNCC | M37: =CONCATENATE(L37,"ScheduleSet") -> BA Workshop_2025AUNCCScheduleSet | N37: 143 | O37: 6.993007 | P37: 0.075272133 | Q37: 255.91 | R37: 75 | S37: 187.67 | T37: 55 | W37: 130 | X37: 0.57692308 | Y37: NCC S35C2n | Z37: Other applications (non-dining) | AC37: =CONCATENATE(Y37,Z37,AA37,AB37,A37,"PeopleDef") -> NCC S35C2nOther applications (non-dining)BA WorkshopPeopleDef | AD37: NECB-A-Occupancy | AE37: =CONCATENATE(A37,"Activity") -> BA WorkshopActivity | AH37: 0.25 | AI37: =AH37*0.00508 -> 0.00127 | AM37: COMNET-REV9 | AN37: WholeBuilding | AQ37: =CONCATENATE(AM37,AN37,AO37,AP37,A37,"Vent") -> COMNET-REV9WholeBuildingBA WorkshopVent | AR37: 0 | AS37: 0 | AT37: 0 | AU37: 0.5 | AV37: 0 | AW37: NCC S35C2l | AX37: NREL 956/Eley Analysis | AY37: Class 8 (Other applications) - no equipment load per S35C2l; radiant/latent/lost fraction split retained from original WA/COMNET-REV9 source (AIRAH Technical Handbook does not publish this split) | AZ37: =CONCATENATE(AW37,AX37,AY37,A37,"ElectricalEquipDef") -> NCC S35C2lNREL 956/Eley AnalysisClass 8 (Other applications) - no equipment load per S35C2l; radiant/latent/lost fraction split retained from original WA/COMNET-REV9 source (AIRAH Technical Handbook does not publish this split)BA WorkshopElectricalEquipDef | BA37: NECB-A-Electric-Equipment | BB37: 0.86 | BC37: 9.25696 | BD37: 0.37 | BE37: 0.2 | BF37: IECC Table C405.3.2(1) | BH37: Workshop; radiant/visible fraction split retained from original WA/COMNET-REV9 source | BI37: =CONCATENATE(BF37,BG37,BH37,"LightingDef") -> IECC Table C405.3.2(1)Workshop; radiant/visible fraction split retained from original WA/COMNET-REV9 sourceLightingDef | BJ37: NECB-A-Lighting | BK37: 0.22081614 | BL37: 0.75342466 | BM37: 8.109863 | BN37: 0 | BO37: 0.75 | BP37: 0.25 | BQ37: COMNET-REV9 | BR37: California Commercial End-Use Survey (CEUS) | BS37: 93%ThermEffRadiant | BT37: =CONCATENATE(BQ37,BR37,BS37,A37,"GasEquipDef") -> COMNET-REV9California Commercial End-Use Survey (CEUS)93%ThermEffRadiantBA WorkshopGasEquipDef | BU37: NECB-A-Electric-Equipment | BW37: 0.7 | BY37: NCC S34C2(6) | BZ37: 0.7 ACH assumed as design infiltration for periods without mechanical outdoor air supply; NCC also specifies 0.35 ACH when mechanical OA is operating (to be applied via infiltration schedule once developed) | CB37: =CONCATENATE(CE37,"_",CF37) -> Workshop_WholeBuilding | CC37: =CONCATENATE(BY37,BZ37,A37,"Infil") -> NCC S34C2(6)0.7 ACH assumed as design infiltration for periods without mechanical outdoor air supply; NCC also specifies 0.35 ACH when mechanical OA is operating (to be applied via infiltration schedule once developed)BA WorkshopInfil | CD37: Always On | CE37: Workshop | CF37: WholeBuilding | CH37: 2 | CJ37: MediumSmooth | CK37: 0.15 | CL37: 0.12 | CM37: 540 | CN37: 1210 | CO37: 0.9 | CP37: 0.7 | CQ37: 0.7 | CR37: Std Wood 6inch | CS37: OpenStudio-Prototype-Buildings | CV37: =CR37 -> Std Wood 6inch | CW37: =CONCATENATE(CS37,CT37,CU37,CV37,"InternalMassDef") -> OpenStudio-Prototype-BuildingsStd Wood 6inchInternalMassDef
A38: CS Audience Seating Area - Auditorium | B38: =CONCATENATE(F38,"_",G38,"_",H38) -> 2025_AU_NCC | C38: Auditorium | D38: Audience Seating Area | E38: Auditorium | F38: 2025 | G38: AU | H38: NCC | I38: 230 | J38: 196 | K38: 120 | L38: =CONCATENATE(A38,"_",F38,G38,H38) -> CS Audience Seating Area - Auditorium_2025AUNCC | M38: =CONCATENATE(L38,"ScheduleSet") -> CS Audience Seating Area - Auditorium_2025AUNCCScheduleSet | N38: 6.6666667 | O38: 150 | P38: 1.6145873 | Q38: 255.91 | R38: 75 | S38: 187.67 | T38: 55 | W38: 130 | X38: 0.57692308 | Y38: NCC S35C2n | Z38: Other applications (non-dining) | AC38: =CONCATENATE(Y38,Z38,AA38,AB38,"PeopleDef") -> NCC S35C2nOther applications (non-dining)PeopleDef | AD38: SchoolSecondary BLDG_OCC_SCH_Auditorium | AE38: =CONCATENATE(A38,"Activity") -> CS Audience Seating Area - AuditoriumActivity | AF38: 5 | AG38: =AF38/2119 -> 0.0023596036 | AH38: 0.06 | AI38: =AH38*0.00508 -> 0.0003048 | AM38: Washington State Mechanical Code TABLE 403.3.1.1 | AN38: Education_Auditoriums | AQ38: =CONCATENATE(AM38,AN38,AO38,AP38,"Vent") -> Washington State Mechanical Code TABLE 403.3.1.1Education_AuditoriumsVent | AR38: 0 | AS38: 0 | AT38: 0 | AU38: 0.5 | AV38: 0 | AW38: NCC S35C2l | AX38: NREL 956/Eley Analysis | AY38: Class 9b (Other applications) - no equipment load per S35C2l; radiant/latent/lost fraction split retained from original WA/COMNET-REV9 source (AIRAH Technical Handbook does not publish this split) | AZ38: =CONCATENATE(AW38,AX38,AY38,A38,"ElectricalEquipDef") -> NCC S35C2lNREL 956/Eley AnalysisClass 9b (Other applications) - no equipment load per S35C2l; radiant/latent/lost fraction split retained from original WA/COMNET-REV9 source (AIRAH Technical Handbook does not publish this split)CS Audience Seating Area - AuditoriumElectricalEquipDef | BA38: SchoolSecondary BLDG_EQUIP_SCH | BB38: 0.743224 | BC38: 8 | BD38: 0.37 | BE38: 0.2 | BF38: NCC J7D3a | BH38: Auditorium, church and public hall; radiant/visible fraction split retained from original WA/COMNET-REV9 source (AIRAH Technical Handbook does not publish this split) | BI38: =CONCATENATE(BF38,BG38,BH38,"LightingDef") -> NCC J7D3aAuditorium, church and public hall; radiant/visible fraction split retained from original WA/COMNET-REV9 source (AIRAH Technical Handbook does not publish this split)LightingDef | BJ38: SchoolSecondary BLDG_LIGHT_SCH | BW38: 0.7 | BY38: NCC S34C2(6) | BZ38: 0.7 ACH assumed as design infiltration for periods without mechanical outdoor air supply; NCC also specifies 0.35 ACH when mechanical OA is operating (to be applied via infiltration schedule once developed) | CB38: =CONCATENATE(CE38,"_",CF38) -> SecondarySchool_Auditorium | CC38: =CONCATENATE(BY38,BZ38,CA38,CB38,"Infil") -> NCC S34C2(6)0.7 ACH assumed as design infiltration for periods without mechanical outdoor air supply; NCC also specifies 0.35 ACH when mechanical OA is operating (to be applied via infiltration schedule once developed)SecondarySchool_AuditoriumInfil | CD38: SchoolSecondary INFIL_SCH_PNNL | CE38: SecondarySchool | CF38: Auditorium | CH38: 2.11 | CJ38: MediumRough | CK38: 0.0332 | CL38: 0.966 | CM38: 219 | CN38: 859 | CO38: 0.9 | CP38: 0.65 | CQ38: 0.65 | CR38: Mixed_AudienceSeating_Auditorium_33mm | CS38: CalculatedEstimate | CT38: FoldingUpholsteredSeatsWithSteelPedestals | CV38: =CR38 -> Mixed_AudienceSeating_Auditorium_33mm | CW38: =CONCATENATE(CS38,CT38,CU38,CV38,"InternalMassDef") -> CalculatedEstimateFoldingUpholsteredSeatsWithSteelPedestalsMixed_AudienceSeating_Auditorium_33mmInternalMassDef
A39: CS Audience Seating Area - Convention Center | B39: =CONCATENATE(F39,"_",G39,"_",H39) -> 2025_AU_NCC | C39: Convention Center | D39: Audience Seating Area | E39: Convention centre - audience | F39: 2025 | G39: AU | H39: NCC | I39: 230 | J39: 196 | K39: 120 | L39: =CONCATENATE(A39,"_",F39,G39,H39) -> CS Audience Seating Area - Convention Center_2025AUNCC | M39: =CONCATENATE(L39,"ScheduleSet") -> CS Audience Seating Area - Convention Center_2025AUNCCScheduleSet | N39: 6.6666667 | O39: 150 | P39: 1.6145873 | Q39: 255.91 | R39: 75 | S39: 187.67 | T39: 55 | W39: 130 | X39: 0.57692308 | Y39: NCC S35C2n | Z39: Other applications (non-dining) | AC39: =CONCATENATE(Y39,Z39,AA39,AB39,"PeopleDef") -> NCC S35C2nOther applications (non-dining)PeopleDef | AD39: NECB-C-Occupancy | AE39: =CONCATENATE(A39,"Activity") -> CS Audience Seating Area - Convention CenterActivity | AF39: 5 | AG39: =AF39/2119 -> 0.0023596036 | AH39: 0.06 | AI39: =AH39*0.00508 -> 0.0003048 | AM39: Washington State Mechanical Code TABLE 403.3.1.1 | AN39: Education_Auditoriums | AQ39: =CONCATENATE(AM39,AN39,AO39,AP39,"Vent") -> Washington State Mechanical Code TABLE 403.3.1.1Education_AuditoriumsVent | AR39: 0 | AS39: 0 | AT39: 0 | AU39: 0.5 | AV39: 0 | AW39: NCC S35C2l | AX39: NREL 956/Eley Analysis | AY39: Class 9b (Other applications) - no equipment load per S35C2l; radiant/latent/lost fraction split retained from original WA/COMNET-REV9 source (AIRAH Technical Handbook does not publish this split) | AZ39: =CONCATENATE(AW39,AX39,AY39,A39,"ElectricalEquipDef") -> NCC S35C2lNREL 956/Eley AnalysisClass 9b (Other applications) - no equipment load per S35C2l; radiant/latent/lost fraction split retained from original WA/COMNET-REV9 source (AIRAH Technical Handbook does not publish this split)CS Audience Seating Area - Convention CenterElectricalEquipDef | BA39: NECB-C-Electric-Equipment | BB39: 0.743224 | BC39: 8 | BD39: 0.37 | BE39: 0.2 | BF39: NCC J7D3a | BH39: Auditorium, church and public hall (nearest); radiant/visible fraction split retained from original WA/COMNET-REV9 source (AIRAH Technical Handbook does not publish this split) | BI39: =CONCATENATE(BF39,BG39,BH39,"LightingDef") -> NCC J7D3aAuditorium, church and public hall (nearest); radiant/visible fraction split retained from original WA/COMNET-REV9 source (AIRAH Technical Handbook does not publish this split)LightingDef | BJ39: NECB-C-Lighting | BW39: 0.7 | BY39: NCC S34C2(6) | BZ39: 0.7 ACH assumed as design infiltration for periods without mechanical outdoor air supply; NCC also specifies 0.35 ACH when mechanical OA is operating (to be applied via infiltration schedule once developed) | CB39: =CONCATENATE(CE39,"_",CF39) -> Space Function_Convention centre - audience | CC39: =CONCATENATE(BY39,BZ39,CA39,CB39,"Infil") -> NCC S34C2(6)0.7 ACH assumed as design infiltration for periods without mechanical outdoor air supply; NCC also specifies 0.35 ACH when mechanical OA is operating (to be applied via infiltration schedule once developed)Space Function_Convention centre - audienceInfil | CD39: Always On | CE39: Space Function | CF39: Convention centre - audience | CH39: 1.05 | CJ39: MediumRough | CK39: 0.0084 | CL39: 3.73 | CM39: 636 | CN39: 562 | CO39: 0.9 | CP39: 0.7 | CQ39: 0.7 | CR39: Mixed_AudienceSeating_ConventionCenter_8mm | CS39: CalculatedEstimate | CT39: PortableStackingConferenceChairs | CV39: =CR39 -> Mixed_AudienceSeating_ConventionCenter_8mm | CW39: =CONCATENATE(CS39,CT39,CU39,CV39,"InternalMassDef") -> CalculatedEstimatePortableStackingConferenceChairsMixed_AudienceSeating_ConventionCenter_8mmInternalMassDef
A40: CS Audience Seating Area - Exercise Center | B40: =CONCATENATE(F40,"_",G40,"_",H40) -> 2025_AU_NCC | C40: Exercise Center | D40: Audience Seating Area | E40: Gym - audience | F40: 2025 | G40: AU | H40: NCC | I40: 230 | J40: 196 | K40: 120 | L40: =CONCATENATE(A40,"_",F40,G40,H40) -> CS Audience Seating Area - Exercise Center_2025AUNCC | M40: =CONCATENATE(L40,"ScheduleSet") -> CS Audience Seating Area - Exercise Center_2025AUNCCScheduleSet | N40: 6.6666667 | O40: 150 | P40: 1.6145873 | Q40: 255.91 | R40: 75 | S40: 187.67 | T40: 55 | W40: 130 | X40: 0.57692308 | Y40: NCC S35C2n | Z40: Other applications (non-dining) | AC40: =CONCATENATE(Y40,Z40,AA40,AB40,"PeopleDef") -> NCC S35C2nOther applications (non-dining)PeopleDef | AD40: NECB-B-Occupancy | AE40: =CONCATENATE(A40,"Activity") -> CS Audience Seating Area - Exercise CenterActivity | AF40: 7.5 | AG40: =AF40/2119 -> 0.0035394054 | AH40: 0.06 | AI40: =AH40*0.00508 -> 0.0003048 | AM40: Washington State Mechanical Code TABLE 403.3.1.1 | AN40: Sports and amusement_Spectator areas | AQ40: =CONCATENATE(AM40,AN40,AO40,AP40,"Vent") -> Washington State Mechanical Code TABLE 403.3.1.1Sports and amusement_Spectator areasVent | AR40: 0 | AS40: 0 | AT40: 0 | AU40: 0.5 | AV40: 0 | AW40: NCC S35C2l | AX40: NREL 956/Eley Analysis | AY40: Class 9b (Other applications) - no equipment load per S35C2l; radiant/latent/lost fraction split retained from original WA/COMNET-REV9 source (AIRAH Technical Handbook does not publish this split) | AZ40: =CONCATENATE(AW40,AX40,AY40,A40,"ElectricalEquipDef") -> NCC S35C2lNREL 956/Eley AnalysisClass 9b (Other applications) - no equipment load per S35C2l; radiant/latent/lost fraction split retained from original WA/COMNET-REV9 source (AIRAH Technical Handbook does not publish this split)CS Audience Seating Area - Exercise CenterElectricalEquipDef | BA40: NECB-B-Electric-Equipment | BB40: 0.23 | BC40: 2.4757 | BD40: 0.37 | BE40: 0.2 | BF40: IECC Table C405.3.2(2) | BH40: Audience seating area - in a gymnasium (nearest; no dedicated 'exercise center' row); radiant/visible fraction split retained from original WA/COMNET-REV9 source | BI40: =CONCATENATE(BF40,BG40,BH40,"LightingDef") -> IECC Table C405.3.2(2)Audience seating area - in a gymnasium (nearest; no dedicated 'exercise center' row); radiant/visible fraction split retained from original WA/COMNET-REV9 sourceLightingDef | BJ40: NECB-B-Lighting | BW40: 0.7 | BY40: NCC S34C2(6) | BZ40: 0.7 ACH assumed as design infiltration for periods without mechanical outdoor air supply; NCC also specifies 0.35 ACH when mechanical OA is operating (to be applied via infiltration schedule once developed) | CB40: =CONCATENATE(CE40,"_",CF40) -> Space Function_Gym - audience | CC40: =CONCATENATE(BY40,BZ40,CA40,CB40,"Infil") -> NCC S34C2(6)0.7 ACH assumed as design infiltration for periods without mechanical outdoor air supply; NCC also specifies 0.35 ACH when mechanical OA is operating (to be applied via infiltration schedule once developed)Space Function_Gym - audienceInfil | CD40: Always On | CE40: Space Function | CF40: Gym - audience | CH40: 1.03 | CJ40: Smooth | CK40: 0.01 | CL40: 50 | CM40: 332 | CN40: 863 | CO40: 0.9 | CP40: 0.65 | CQ40: 0.65 | CR40: Mixed_AudienceSeating_ExCtr_10mm | CS40: CalculatedEstimate | CT40: RetractableAluminumBleacherSystem | CV40: =CR40 -> Mixed_AudienceSeating_ExCtr_10mm | CW40: =CONCATENATE(CS40,CT40,CU40,CV40,"InternalMassDef") -> CalculatedEstimateRetractableAluminumBleacherSystemMixed_AudienceSeating_ExCtr_10mmInternalMassDef
A41: CS Audience Seating Area - Gymnasium | B41: =CONCATENATE(F41,"_",G41,"_",H41) -> 2025_AU_NCC | C41: Gymnasium | D41: Audience Seating Area | E41: Gym - audience | F41: 2025 | G41: AU | H41: NCC | I41: 230 | J41: 196 | K41: 120 | L41: =CONCATENATE(A41,"_",F41,G41,H41) -> CS Audience Seating Area - Gymnasium_2025AUNCC | M41: =CONCATENATE(L41,"ScheduleSet") -> CS Audience Seating Area - Gymnasium_2025AUNCCScheduleSet | N41: 6.6666667 | O41: 150 | P41: 1.6145873 | Q41: 255.91 | R41: 75 | S41: 187.67 | T41: 55 | W41: 130 | X41: 0.57692308 | Y41: NCC S35C2n | Z41: Other applications (non-dining) | AC41: =CONCATENATE(Y41,Z41,AA41,AB41,"PeopleDef") -> NCC S35C2nOther applications (non-dining)PeopleDef | AD41: NECB-B-Occupancy | AE41: =CONCATENATE(A41,"Activity") -> CS Audience Seating Area - GymnasiumActivity | AF41: 7.5 | AG41: =AF41/2119 -> 0.0035394054 | AH41: 0.06 | AI41: =AH41*0.00508 -> 0.0003048 | AM41: Washington State Mechanical Code TABLE 403.3.1.1 | AN41: Sports and amusement_Spectator areas | AQ41: =CONCATENATE(AM41,AN41,AO41,AP41,"Vent") -> Washington State Mechanical Code TABLE 403.3.1.1Sports and amusement_Spectator areasVent | AR41: 0 | AS41: 0 | AT41: 0 | AU41: 0.5 | AV41: 0 | AW41: NCC S35C2l | AX41: NREL 956/Eley Analysis | AY41: Class 9b (Other applications) - no equipment load per S35C2l; radiant/latent/lost fraction split retained from original WA/COMNET-REV9 source (AIRAH Technical Handbook does not publish this split) | AZ41: =CONCATENATE(AW41,AX41,AY41,A41,"ElectricalEquipDef") -> NCC S35C2lNREL 956/Eley AnalysisClass 9b (Other applications) - no equipment load per S35C2l; radiant/latent/lost fraction split retained from original WA/COMNET-REV9 source (AIRAH Technical Handbook does not publish this split)CS Audience Seating Area - GymnasiumElectricalEquipDef | BA41: NECB-B-Electric-Equipment | BB41: 0.23 | BC41: 2.4757 | BD41: 0.37 | BE41: 0.2 | BF41: IECC Table C405.3.2(2) | BH41: Audience seating area - in a gymnasium; radiant/visible fraction split retained from original WA/COMNET-REV9 source | BI41: =CONCATENATE(BF41,BG41,BH41,"LightingDef") -> IECC Table C405.3.2(2)Audience seating area - in a gymnasium; radiant/visible fraction split retained from original WA/COMNET-REV9 sourceLightingDef | BJ41: NECB-B-Lighting | BW41: 0.7 | BY41: NCC S34C2(6) | BZ41: 0.7 ACH assumed as design infiltration for periods without mechanical outdoor air supply; NCC also specifies 0.35 ACH when mechanical OA is operating (to be applied via infiltration schedule once developed) | CB41: =CONCATENATE(CE41,"_",CF41) -> SecondarySchool_Gym | CC41: =CONCATENATE(BY41,BZ41,CA41,CB41,"Infil") -> NCC S34C2(6)0.7 ACH assumed as design infiltration for periods without mechanical outdoor air supply; NCC also specifies 0.35 ACH when mechanical OA is operating (to be applied via infiltration schedule once developed)SecondarySchool_GymInfil | CD41: SchoolSecondary INFIL_SCH_PNNL | CE41: SecondarySchool | CF41: Gym | CH41: 0.71 | CJ41: Smooth | CK41: 0.01 | CL41: 50 | CM41: 382 | CN41: 851 | CO41: 0.9 | CP41: 0.65 | CQ41: 0.65 | CR41: Mixed_AudienceSeating_Gymnasium_10mm | CS41: CalculatedEstimate | CT41: TelescopingAluminumBleacherSystem | CV41: =CR41 -> Mixed_AudienceSeating_Gymnasium_10mm | CW41: =CONCATENATE(CS41,CT41,CU41,CV41,"InternalMassDef") -> CalculatedEstimateTelescopingAluminumBleacherSystemMixed_AudienceSeating_Gymnasium_10mmInternalMassDef
A42: CS Audience Seating Area - Motion Picture Theater | B42: =CONCATENATE(F42,"_",G42,"_",H42) -> 2025_AU_NCC | C42: Theater | D42: Audience Seating Area | E42: Audience - motion picture | F42: 2025 | G42: AU | H42: NCC | I42: 230 | J42: 196 | K42: 120 | L42: =CONCATENATE(A42,"_",F42,G42,H42) -> CS Audience Seating Area - Motion Picture Theater_2025AUNCC | M42: =CONCATENATE(L42,"ScheduleSet") -> CS Audience Seating Area - Motion Picture Theater_2025AUNCCScheduleSet | N42: 6.6666667 | O42: 150 | P42: 1.6145873 | Q42: 255.91 | R42: 75 | S42: 187.67 | T42: 55 | W42: 130 | X42: 0.57692308 | Y42: NCC S35C2n | Z42: Other applications (non-dining) | AC42: =CONCATENATE(Y42,Z42,AA42,AB42,"PeopleDef") -> NCC S35C2nOther applications (non-dining)PeopleDef | AD42: NECB-C-Occupancy | AE42: =CONCATENATE(A42,"Activity") -> CS Audience Seating Area - Motion Picture TheaterActivity | AF42: 5 | AG42: =AF42/2119 -> 0.0023596036 | AH42: 0.06 | AI42: =AH42*0.00508 -> 0.0003048 | AM42: Washington State Mechanical Code TABLE 403.3.1.1 | AN42: Education_Auditoriums | AQ42: =CONCATENATE(AM42,AN42,AO42,AP42,"Vent") -> Washington State Mechanical Code TABLE 403.3.1.1Education_AuditoriumsVent | AR42: 0 | AS42: 0 | AT42: 0 | AU42: 0.5 | AV42: 0 | AW42: NCC S35C2l | AX42: NREL 956/Eley Analysis | AY42: Class 9b (Other applications) - no equipment load per S35C2l; radiant/latent/lost fraction split retained from original WA/COMNET-REV9 source (AIRAH Technical Handbook does not publish this split) | AZ42: =CONCATENATE(AW42,AX42,AY42,A42,"ElectricalEquipDef") -> NCC S35C2lNREL 956/Eley AnalysisClass 9b (Other applications) - no equipment load per S35C2l; radiant/latent/lost fraction split retained from original WA/COMNET-REV9 source (AIRAH Technical Handbook does not publish this split)CS Audience Seating Area - Motion Picture TheaterElectricalEquipDef | BA42: NECB-C-Electric-Equipment | BB42: 0.743224 | BC42: 8 | BD42: 0.37 | BE42: 0.2 | BF42: NCC J7D3a | BH42: Auditorium, church and public hall (nearest); radiant/visible fraction split retained from original WA/COMNET-REV9 source (AIRAH Technical Handbook does not publish this split) | BI42: =CONCATENATE(BF42,BG42,BH42,"LightingDef") -> NCC J7D3aAuditorium, church and public hall (nearest); radiant/visible fraction split retained from original WA/COMNET-REV9 source (AIRAH Technical Handbook does not publish this split)LightingDef | BJ42: NECB-C-Lighting | BW42: 0.7 | BY42: NCC S34C2(6) | BZ42: 0.7 ACH assumed as design infiltration for periods without mechanical outdoor air supply; NCC also specifies 0.35 ACH when mechanical OA is operating (to be applied via infiltration schedule once developed) | CB42: =CONCATENATE(CE42,"_",CF42) -> Space Function_Audience - motion picture | CC42: =CONCATENATE(BY42,BZ42,CA42,CB42,"Infil") -> NCC S34C2(6)0.7 ACH assumed as design infiltration for periods without mechanical outdoor air supply; NCC also specifies 0.35 ACH when mechanical OA is operating (to be applied via infiltration schedule once developed)Space Function_Audience - motion pictureInfil | CD42: Always On | CE42: Space Function | CF42: Audience - motion picture | CH42: 1.81 | CJ42: MediumRough | CK42: 0.0341 | CL42: 0.891 | CM42: 210 | CN42: 876 | CO42: 0.9 | CP42: 0.65 | CQ42: 0.65 | CR42: Mixed_AudienceSeating_MotionPictureTheater_34mm | CS42: CalculatedEstimate | CT42: FixedCinemaSeatsWithCupHolders | CV42: =CR42 -> Mixed_AudienceSeating_MotionPictureTheater_34mm | CW42: =CONCATENATE(CS42,CT42,CU42,CV42,"InternalMassDef") -> CalculatedEstimateFixedCinemaSeatsWithCupHoldersMixed_AudienceSeating_MotionPictureTheater_34mmInternalMassDef
A43: CS Audience Seating Area - Penitentiary | B43: =CONCATENATE(F43,"_",G43,"_",H43) -> 2025_AU_NCC | C43: Penitentiary | D43: Audience Seating Area | E43: Penitentiary - audience | F43: 2025 | G43: AU | H43: NCC | I43: 230 | J43: 196 | K43: 120 | L43: =CONCATENATE(A43,"_",F43,G43,H43) -> CS Audience Seating Area - Penitentiary_2025AUNCC | M43: =CONCATENATE(L43,"ScheduleSet") -> CS Audience Seating Area - Penitentiary_2025AUNCCScheduleSet | N43: 20 | O43: 50 | P43: 0.53819575 | Q43: 255.91 | R43: 75 | S43: 187.67 | T43: 55 | W43: 130 | X43: 0.57692308 | Y43: NCC S35C2n | Z43: Other applications (non-dining) | AC43: =CONCATENATE(Y43,Z43,AA43,AB43,"PeopleDef") -> NCC S35C2nOther applications (non-dining)PeopleDef | AD43: NECB-C-Occupancy | AE43: =CONCATENATE(A43,"Activity") -> CS Audience Seating Area - PenitentiaryActivity | AF43: 7.5 | AG43: =AF43/2119 -> 0.0035394054 | AH43: 0.06 | AI43: =AH43*0.00508 -> 0.0003048 | AM43: Washington State Mechanical Code TABLE 403.3.1.1 | AN43: Correctional facilities_Booking_waiting | AQ43: =CONCATENATE(AM43,AN43,AO43,AP43,"Vent") -> Washington State Mechanical Code TABLE 403.3.1.1Correctional facilities_Booking_waitingVent | AR43: 0.74760799 | AS43: 8.0472524 | AT43: 0 | AU43: 0.5 | AV43: 0 | AW43: COMNET-REV9 | AX43: NREL 956/Eley Analysis | AY43: DOEPrototype | AZ43: =CONCATENATE(AW43,AX43,AY43,A43,"ElectricalEquipDef") -> COMNET-REV9NREL 956/Eley AnalysisDOEPrototypeCS Audience Seating Area - PenitentiaryElectricalEquipDef | BA43: NECB-C-Electric-Equipment | BB43: 0.56 | BC43: 6.02779 | BD43: 0.37 | BE43: 0.2 | BF43: IECC Table C405.3.2(2) | BH43: Audience seating area - in a penitentiary; radiant/visible fraction split retained from original WA/COMNET-REV9 source | BI43: =CONCATENATE(BF43,BG43,BH43,"LightingDef") -> IECC Table C405.3.2(2)Audience seating area - in a penitentiary; radiant/visible fraction split retained from original WA/COMNET-REV9 sourceLightingDef | BJ43: NECB-C-Lighting | BW43: 0.7 | BY43: NCC S34C2(6) | BZ43: 0.7 ACH assumed as design infiltration for periods without mechanical outdoor air supply; NCC also specifies 0.35 ACH when mechanical OA is operating (to be applied via infiltration schedule once developed) | CB43: =CONCATENATE(CE43,"_",CF43) -> Space Function_Penitentiary - audience | CC43: =CONCATENATE(BY43,BZ43,CA43,CB43,"Infil") -> NCC S34C2(6)0.7 ACH assumed as design infiltration for periods without mechanical outdoor air supply; NCC also specifies 0.35 ACH when mechanical OA is operating (to be applied via infiltration schedule once developed)Space Function_Penitentiary - audienceInfil | CD43: Always On | CE43: Space Function | CF43: Penitentiary - audience | CH43: 1.17 | CJ43: MediumSmooth | CK43: 0.0013 | CL43: 50 | CM43: 7800 | CN43: 460 | CO43: 0.9 | CP43: 0.7 | CQ43: 0.7 | CR43: Steel_AudienceSeating_Penitentiary_1mm | CS43: CalculatedEstimate | CT43: FixedAllMetalSecuritySeating | CV43: =CR43 -> Steel_AudienceSeating_Penitentiary_1mm | CW43: =CONCATENATE(CS43,CT43,CU43,CV43,"InternalMassDef") -> CalculatedEstimateFixedAllMetalSecuritySeatingSteel_AudienceSeating_Penitentiary_1mmInternalMassDef
A44: CS Audience Seating Area - Performing Arts Theater | B44: =CONCATENATE(F44,"_",G44,"_",H44) -> 2025_AU_NCC | C44: Theater | D44: Audience Seating Area | E44: Audience - performance arts | F44: 2025 | G44: AU | H44: NCC | I44: 230 | J44: 196 | K44: 120 | L44: =CONCATENATE(A44,"_",F44,G44,H44) -> CS Audience Seating Area - Performing Arts Theater_2025AUNCC | M44: =CONCATENATE(L44,"ScheduleSet") -> CS Audience Seating Area - Performing Arts Theater_2025AUNCCScheduleSet | N44: 6.6666667 | O44: 150 | P44: 1.6145873 | Q44: 255.91 | R44: 75 | S44: 187.67 | T44: 55 | W44: 130 | X44: 0.57692308 | Y44: NCC S35C2n | Z44: Other applications (non-dining) | AC44: =CONCATENATE(Y44,Z44,AA44,AB44,"PeopleDef") -> NCC S35C2nOther applications (non-dining)PeopleDef | AD44: NECB-C-Occupancy | AE44: =CONCATENATE(A44,"Activity") -> CS Audience Seating Area - Performing Arts TheaterActivity | AF44: 5 | AG44: =AF44/2119 -> 0.0023596036 | AH44: 0.06 | AI44: =AH44*0.00508 -> 0.0003048 | AM44: Washington State Mechanical Code TABLE 403.3.1.1 | AN44: Education_Auditoriums | AQ44: =CONCATENATE(AM44,AN44,AO44,AP44,"Vent") -> Washington State Mechanical Code TABLE 403.3.1.1Education_AuditoriumsVent | AR44: 0 | AS44: 0 | AT44: 0 | AU44: 0.5 | AV44: 0 | AW44: NCC S35C2l | AX44: NREL 956/Eley Analysis | AY44: Class 9b (Other applications) - no equipment load per S35C2l; radiant/latent/lost fraction split retained from original WA/COMNET-REV9 source (AIRAH Technical Handbook does not publish this split) | AZ44: =CONCATENATE(AW44,AX44,AY44,A44,"ElectricalEquipDef") -> NCC S35C2lNREL 956/Eley AnalysisClass 9b (Other applications) - no equipment load per S35C2l; radiant/latent/lost fraction split retained from original WA/COMNET-REV9 source (AIRAH Technical Handbook does not publish this split)CS Audience Seating Area - Performing Arts TheaterElectricalEquipDef | BA44: NECB-C-Electric-Equipment | BB44: 0.743224 | BC44: 8 | BD44: 0.37 | BE44: 0.2 | BF44: NCC J7D3a | BH44: Auditorium, church and public hall (nearest); radiant/visible fraction split retained from original WA/COMNET-REV9 source (AIRAH Technical Handbook does not publish this split) | BI44: =CONCATENATE(BF44,BG44,BH44,"LightingDef") -> NCC J7D3aAuditorium, church and public hall (nearest); radiant/visible fraction split retained from original WA/COMNET-REV9 source (AIRAH Technical Handbook does not publish this split)LightingDef | BJ44: NECB-C-Lighting | BW44: 0.7 | BY44: NCC S34C2(6) | BZ44: 0.7 ACH assumed as design infiltration for periods without mechanical outdoor air supply; NCC also specifies 0.35 ACH when mechanical OA is operating (to be applied via infiltration schedule once developed) | CB44: =CONCATENATE(CE44,"_",CF44) -> SecondarySchool_Auditorium | CC44: =CONCATENATE(BY44,BZ44,CA44,CB44,"Infil") -> NCC S34C2(6)0.7 ACH assumed as design infiltration for periods without mechanical outdoor air supply; NCC also specifies 0.35 ACH when mechanical OA is operating (to be applied via infiltration schedule once developed)SecondarySchool_AuditoriumInfil | CD44: SchoolSecondary INFIL_SCH_PNNL | CE44: SecondarySchool | CF44: Auditorium | CH44: 2.06 | CJ44: MediumRough | CK44: 0.0379 | CL44: 0.863 | CM44: 200 | CN44: 879 | CO44: 0.9 | CP44: 0.65 | CQ44: 0.65 | CR44: Mixed_AudienceSeating_PerformingArtsTheater_38mm | CS44: CalculatedEstimate | CT44: FixedUpholsteredSeatsWithAisleRails | CV44: =CR44 -> Mixed_AudienceSeating_PerformingArtsTheater_38mm | CW44: =CONCATENATE(CS44,CT44,CU44,CV44,"InternalMassDef") -> CalculatedEstimateFixedUpholsteredSeatsWithAisleRailsMixed_AudienceSeating_PerformingArtsTheater_38mmInternalMassDef
A45: CS Audience Seating Area - Religious Building | B45: =CONCATENATE(F45,"_",G45,"_",H45) -> 2025_AU_NCC | C45: Religious | D45: Audience Seating Area | E45: Religious - audience | F45: 2025 | G45: AU | H45: NCC | I45: 230 | J45: 196 | K45: 120 | L45: =CONCATENATE(A45,"_",F45,G45,H45) -> CS Audience Seating Area - Religious Building_2025AUNCC | M45: =CONCATENATE(L45,"ScheduleSet") -> CS Audience Seating Area - Religious Building_2025AUNCCScheduleSet | N45: 6.6666667 | O45: 150 | P45: 1.6145873 | Q45: 255.91 | R45: 75 | S45: 187.67 | T45: 55 | W45: 130 | X45: 0.57692308 | Y45: NCC S35C2n | Z45: Other applications (non-dining) | AC45: =CONCATENATE(Y45,Z45,AA45,AB45,"PeopleDef") -> NCC S35C2nOther applications (non-dining)PeopleDef | AD45: NECB-I-Occupancy | AE45: =CONCATENATE(A45,"Activity") -> CS Audience Seating Area - Religious BuildingActivity | AF45: 5 | AG45: =AF45/2119 -> 0.0023596036 | AH45: 0.06 | AI45: =AH45*0.00508 -> 0.0003048 | AM45: Washington State Mechanical Code TABLE 403.3.1.1 | AN45: Education_Auditoriums | AQ45: =CONCATENATE(AM45,AN45,AO45,AP45,"Vent") -> Washington State Mechanical Code TABLE 403.3.1.1Education_AuditoriumsVent | AR45: 0 | AS45: 0 | AT45: 0 | AU45: 0.5 | AV45: 0 | AW45: NCC S35C2l | AX45: NREL 956/Eley Analysis | AY45: Class 9b (Other applications) - no equipment load per S35C2l; radiant/latent/lost fraction split retained from original WA/COMNET-REV9 source (AIRAH Technical Handbook does not publish this split) | AZ45: =CONCATENATE(AW45,AX45,AY45,A45,"ElectricalEquipDef") -> NCC S35C2lNREL 956/Eley AnalysisClass 9b (Other applications) - no equipment load per S35C2l; radiant/latent/lost fraction split retained from original WA/COMNET-REV9 source (AIRAH Technical Handbook does not publish this split)CS Audience Seating Area - Religious BuildingElectricalEquipDef | BA45: NECB-I-Electric-Equipment | BB45: 0.743224 | BC45: 8 | BD45: 0.37 | BE45: 0.2 | BF45: NCC J7D3a | BH45: Auditorium, church and public hall; radiant/visible fraction split retained from original WA/COMNET-REV9 source (AIRAH Technical Handbook does not publish this split) | BI45: =CONCATENATE(BF45,BG45,BH45,"LightingDef") -> NCC J7D3aAuditorium, church and public hall; radiant/visible fraction split retained from original WA/COMNET-REV9 source (AIRAH Technical Handbook does not publish this split)LightingDef | BJ45: NECB-I-Lighting | BW45: 0.7 | BY45: NCC S34C2(6) | BZ45: 0.7 ACH assumed as design infiltration for periods without mechanical outdoor air supply; NCC also specifies 0.35 ACH when mechanical OA is operating (to be applied via infiltration schedule once developed) | CB45: =CONCATENATE(CE45,"_",CF45) -> Space Function_Religious - audience | CC45: =CONCATENATE(BY45,BZ45,CA45,CB45,"Infil") -> NCC S34C2(6)0.7 ACH assumed as design infiltration for periods without mechanical outdoor air supply; NCC also specifies 0.35 ACH when mechanical OA is operating (to be applied via infiltration schedule once developed)Space Function_Religious - audienceInfil | CD45: Always On | CE45: Space Function | CF45: Religious - audience | CH45: 1.17 | CJ45: MediumRough | CK45: 0.0182 | CL45: 1.185 | CM45: 255 | CN45: 785 | CO45: 0.9 | CP45: 0.7 | CQ45: 0.7 | CR45: Mixed_AudienceSeating_ReligiousBuilding_18mm | CS45: CalculatedEstimate | CT45: PaddedStackableGangedChairs | CV45: =CR45 -> Mixed_AudienceSeating_ReligiousBuilding_18mm | CW45: =CONCATENATE(CS45,CT45,CU45,CV45,"InternalMassDef") -> CalculatedEstimatePaddedStackableGangedChairsMixed_AudienceSeating_ReligiousBuilding_18mmInternalMassDef
A46: CS Audience Seating Area - Sports Arena | B46: =CONCATENATE(F46,"_",G46,"_",H46) -> 2025_AU_NCC | C46: Sports arena | D46: Audience Seating Area | E46: Sports arena - audience | F46: 2025 | G46: AU | H46: NCC | I46: 230 | J46: 196 | K46: 120 | L46: =CONCATENATE(A46,"_",F46,G46,H46) -> CS Audience Seating Area - Sports Arena_2025AUNCC | M46: =CONCATENATE(L46,"ScheduleSet") -> CS Audience Seating Area - Sports Arena_2025AUNCCScheduleSet | N46: 6.6666667 | O46: 150 | P46: 1.6145873 | Q46: 255.91 | R46: 75 | S46: 187.67 | T46: 55 | W46: 130 | X46: 0.57692308 | Y46: NCC S35C2n | Z46: Other applications (non-dining) | AC46: =CONCATENATE(Y46,Z46,AA46,AB46,"PeopleDef") -> NCC S35C2nOther applications (non-dining)PeopleDef | AD46: NECB-B-Occupancy | AE46: =CONCATENATE(A46,"Activity") -> CS Audience Seating Area - Sports ArenaActivity | AF46: 7.5 | AG46: =AF46/2119 -> 0.0035394054 | AH46: 0.06 | AI46: =AH46*0.00508 -> 0.0003048 | AM46: Washington State Mechanical Code TABLE 403.3.1.1 | AN46: Sports and amusement_Spectator areas | AQ46: =CONCATENATE(AM46,AN46,AO46,AP46,"Vent") -> Washington State Mechanical Code TABLE 403.3.1.1Sports and amusement_Spectator areasVent | AR46: 0 | AS46: 0 | AT46: 0 | AU46: 0.5 | AV46: 0 | AW46: NCC S35C2l | AX46: NREL 956/Eley Analysis | AY46: Class 9b (Other applications) - no equipment load per S35C2l; radiant/latent/lost fraction split retained from original WA/COMNET-REV9 source (AIRAH Technical Handbook does not publish this split) | AZ46: =CONCATENATE(AW46,AX46,AY46,A46,"ElectricalEquipDef") -> NCC S35C2lNREL 956/Eley AnalysisClass 9b (Other applications) - no equipment load per S35C2l; radiant/latent/lost fraction split retained from original WA/COMNET-REV9 source (AIRAH Technical Handbook does not publish this split)CS Audience Seating Area - Sports ArenaElectricalEquipDef | BA46: NECB-B-Electric-Equipment | BB46: 0.27 | BC46: 2.90626 | BD46: 0.37 | BE46: 0.2 | BF46: IECC Table C405.3.2(2) | BH46: Audience seating area - in a sports arena; radiant/visible fraction split retained from original WA/COMNET-REV9 source | BI46: =CONCATENATE(BF46,BG46,BH46,"LightingDef") -> IECC Table C405.3.2(2)Audience seating area - in a sports arena; radiant/visible fraction split retained from original WA/COMNET-REV9 sourceLightingDef | BJ46: NECB-B-Lighting | BW46: 0.7 | BY46: NCC S34C2(6) | BZ46: 0.7 ACH assumed as design infiltration for periods without mechanical outdoor air supply; NCC also specifies 0.35 ACH when mechanical OA is operating (to be applied via infiltration schedule once developed) | CB46: =CONCATENATE(CE46,"_",CF46) -> Space Function_Sports arena - audience | CC46: =CONCATENATE(BY46,BZ46,CA46,CB46,"Infil") -> NCC S34C2(6)0.7 ACH assumed as design infiltration for periods without mechanical outdoor air supply; NCC also specifies 0.35 ACH when mechanical OA is operating (to be applied via infiltration schedule once developed)Space Function_Sports arena - audienceInfil | CD46: Always On | CE46: Space Function | CF46: Sports arena - audience | CH46: 1.75 | CJ46: MediumSmooth | CK46: 0.01 | CL46: 2.66 | CM46: 440 | CN46: 1401 | CO46: 0.9 | CP46: 0.65 | CQ46: 0.65 | CR46: Mixed_AudienceSeating_SportsArena_10mm | CS46: CalculatedEstimate | CT46: FoldDownPolypropyleneStadiumSeats | CV46: =CR46 -> Mixed_AudienceSeating_SportsArena_10mm | CW46: =CONCATENATE(CS46,CT46,CU46,CV46,"InternalMassDef") -> CalculatedEstimateFoldDownPolypropyleneStadiumSeatsMixed_AudienceSeating_SportsArena_10mmInternalMassDef
A47: CS Audience Seating Area - Transportation Facility | B47: =CONCATENATE(F47,"_",G47,"_",H47) -> 2025_AU_NCC | C47: Transportation Facility | D47: Audience Seating Area | E47: Transp. seating | F47: 2025 | G47: AU | H47: NCC | I47: 230 | J47: 196 | K47: 120 | L47: =CONCATENATE(A47,"_",F47,G47,H47) -> CS Audience Seating Area - Transportation Facility_2025AUNCC | M47: =CONCATENATE(L47,"ScheduleSet") -> CS Audience Seating Area - Transportation Facility_2025AUNCCScheduleSet | N47: 10 | O47: 100 | P47: 1.0763915 | Q47: 255.91 | R47: 75 | S47: 187.67 | T47: 55 | W47: 130 | X47: 0.57692308 | Y47: NCC S35C2n | Z47: Other applications (non-dining) | AC47: =CONCATENATE(Y47,Z47,AA47,AB47,"PeopleDef") -> NCC S35C2nOther applications (non-dining)PeopleDef | AD47: NECB-H-Occupancy | AE47: =CONCATENATE(A47,"Activity") -> CS Audience Seating Area - Transportation FacilityActivity | AF47: 7.5 | AG47: =AF47/2119 -> 0.0035394054 | AH47: 0.06 | AI47: =AH47*0.00508 -> 0.0003048 | AM47: Washington State Mechanical Code TABLE 403.3.1.1 | AN47: Transportation_Transportation waiting | AQ47: =CONCATENATE(AM47,AN47,AO47,AP47,"Vent") -> Washington State Mechanical Code TABLE 403.3.1.1Transportation_Transportation waitingVent | AR47: 0 | AS47: 0 | AT47: 0 | AU47: 0.5 | AV47: 0 | AW47: NCC S35C2l | AX47: NREL 956/Eley Analysis | AY47: Class 9b (Other applications) - no equipment load per S35C2l; radiant/latent/lost fraction split retained from original WA/COMNET-REV9 source (AIRAH Technical Handbook does not publish this split) | AZ47: =CONCATENATE(AW47,AX47,AY47,A47,"ElectricalEquipDef") -> NCC S35C2lNREL 956/Eley AnalysisClass 9b (Other applications) - no equipment load per S35C2l; radiant/latent/lost fraction split retained from original WA/COMNET-REV9 source (AIRAH Technical Handbook does not publish this split)CS Audience Seating Area - Transportation FacilityElectricalEquipDef | BA47: NECB-H-Electric-Equipment | BB47: 0.33 | BC47: 3.55209 | BD47: 0.37 | BE47: 0.2 | BF47: IECC Table C405.3.2(2) | BH47: Audience seating area - otherwise (no dedicated transportation-facility row); radiant/visible fraction split retained from original WA/COMNET-REV9 source | BI47: =CONCATENATE(BF47,BG47,BH47,"LightingDef") -> IECC Table C405.3.2(2)Audience seating area - otherwise (no dedicated transportation-facility row); radiant/visible fraction split retained from original WA/COMNET-REV9 sourceLightingDef | BJ47: NECB-H-Lighting | BW47: 0.7 | BY47: NCC S34C2(6) | BZ47: 0.7 ACH assumed as design infiltration for periods without mechanical outdoor air supply; NCC also specifies 0.35 ACH when mechanical OA is operating (to be applied via infiltration schedule once developed) | CB47: =CONCATENATE(CE47,"_",CF47) -> Space Function_Transp. seating | CC47: =CONCATENATE(BY47,BZ47,CA47,CB47,"Infil") -> NCC S34C2(6)0.7 ACH assumed as design infiltration for periods without mechanical outdoor air supply; NCC also specifies 0.35 ACH when mechanical OA is operating (to be applied via infiltration schedule once developed)Space Function_Transp. seatingInfil | CD47: Always On | CE47: Space Function | CF47: Transp. seating | CH47: 0.66 | CJ47: MediumRough | CK47: 0.01 | CL47: 3.06 | CM47: 638 | CN47: 658 | CO47: 0.9 | CP47: 0.6 | CQ47: 0.6 | CR47: Mixed_AudienceSeating_Transportation_10mm | CS47: CalculatedEstimate | CT47: GangedModularWaitingSeats | CV47: =CR47 -> Mixed_AudienceSeating_Transportation_10mm | CW47: =CONCATENATE(CS47,CT47,CU47,CV47,"InternalMassDef") -> CalculatedEstimateGangedModularWaitingSeatsMixed_AudienceSeating_Transportation_10mmInternalMassDef
A48: CS Audience Seating Area - Other | B48: =CONCATENATE(F48,"_",G48,"_",H48) -> 2025_AU_NCC | C48: Miscellaneous | D48: Audience Seating Area | E48: Audience - auditorium | F48: 2025 | G48: AU | H48: NCC | I48: 230 | J48: 196 | K48: 120 | L48: =CONCATENATE(A48,"_",F48,G48,H48) -> CS Audience Seating Area - Other_2025AUNCC | M48: =CONCATENATE(L48,"ScheduleSet") -> CS Audience Seating Area - Other_2025AUNCCScheduleSet | N48: 10 | O48: 100 | P48: 1.0763915 | Q48: 255.91 | R48: 75 | S48: 187.67 | T48: 55 | W48: 130 | X48: 0.57692308 | Y48: NCC S35C2n | Z48: Other applications (non-dining) | AC48: =CONCATENATE(Y48,Z48,AA48,AB48,"PeopleDef") -> NCC S35C2nOther applications (non-dining)PeopleDef | AD48: NECB-C-Occupancy | AE48: =CONCATENATE(A48,"Activity") -> CS Audience Seating Area - OtherActivity | AF48: 7.5 | AG48: =AF48/2119 -> 0.0035394054 | AH48: 0.06 | AI48: =AH48*0.00508 -> 0.0003048 | AM48: Washington State Mechanical Code TABLE 403.3.1.1 | AN48: Education_Multiuse assembly | AQ48: =CONCATENATE(AM48,AN48,AO48,AP48,"Vent") -> Washington State Mechanical Code TABLE 403.3.1.1Education_Multiuse assemblyVent | AR48: 0 | AS48: 0 | AT48: 0 | AU48: 0.5 | AV48: 0 | AW48: NCC S35C2l | AX48: NREL 956/Eley Analysis | AY48: Class 9b (Other applications) - no equipment load per S35C2l; radiant/latent/lost fraction split retained from original WA/COMNET-REV9 source (AIRAH Technical Handbook does not publish this split) | AZ48: =CONCATENATE(AW48,AX48,AY48,A48,"ElectricalEquipDef") -> NCC S35C2lNREL 956/Eley AnalysisClass 9b (Other applications) - no equipment load per S35C2l; radiant/latent/lost fraction split retained from original WA/COMNET-REV9 source (AIRAH Technical Handbook does not publish this split)CS Audience Seating Area - OtherElectricalEquipDef | BA48: NECB-C-Electric-Equipment | BB48: 0.743224 | BC48: 8 | BD48: 0.37 | BE48: 0.2 | BF48: NCC J7D3a | BH48: Auditorium, church and public hall (generic assembly fallback); radiant/visible fraction split retained from original WA/COMNET-REV9 source (AIRAH Technical Handbook does not publish this split) | BI48: =CONCATENATE(BF48,BG48,BH48,"LightingDef") -> NCC J7D3aAuditorium, church and public hall (generic assembly fallback); radiant/visible fraction split retained from original WA/COMNET-REV9 source (AIRAH Technical Handbook does not publish this split)LightingDef | BJ48: NECB-C-Lighting | BW48: 0.7 | BY48: NCC S34C2(6) | BZ48: 0.7 ACH assumed as design infiltration for periods without mechanical outdoor air supply; NCC also specifies 0.35 ACH when mechanical OA is operating (to be applied via infiltration schedule once developed) | CB48: =CONCATENATE(CE48,"_",CF48) -> Space Function_Audience - auditorium | CC48: =CONCATENATE(BY48,BZ48,CA48,CB48,"Infil") -> NCC S34C2(6)0.7 ACH assumed as design infiltration for periods without mechanical outdoor air supply; NCC also specifies 0.35 ACH when mechanical OA is operating (to be applied via infiltration schedule once developed)Space Function_Audience - auditoriumInfil | CD48: Always On | CE48: Space Function | CF48: Audience - auditorium | CH48: 1.13 | CJ48: MediumRough | CK48: 0.0079 | CL48: 1.86 | CM48: 364 | CN48: 691 | CO48: 0.9 | CP48: 0.65 | CQ48: 0.65 | CR48: Mixed_AudienceSeating_Other_8mm | CS48: CalculatedEstimate | CT48: PortablePaddedFoldingChairs | CV48: =CR48 -> Mixed_AudienceSeating_Other_8mm | CW48: =CONCATENATE(CS48,CT48,CU48,CV48,"InternalMassDef") -> CalculatedEstimatePortablePaddedFoldingChairsMixed_AudienceSeating_Other_8mmInternalMassDef
A49: CS Atrium - Less than or equal to 40 ft | B49: =CONCATENATE(F49,"_",G49,"_",H49) -> 2025_AU_NCC | C49: Atrium | D49: Atrium - Less than or equal to 40 ft | E49: Atrium | F49: 2025 | G49: AU | H49: NCC | I49: 255 | J49: 255 | K49: 0 | L49: =CONCATENATE(A49,"_",F49,G49,H49) -> CS Atrium - Less than or equal to 40 ft_2025AUNCC | M49: =CONCATENATE(L49,"ScheduleSet") -> CS Atrium - Less than or equal to 40 ft_2025AUNCCScheduleSet | Q49: 255.91 | R49: 75 | S49: 187.67 | T49: 55 | W49: 130 | X49: 0.57692308 | Y49: NCC S35C2n | Z49: Other applications (non-dining) | AH49: 0.06 | AI49: =AH49*0.00508 -> 0.0003048 | AM49: Washington State Mechanical Code TABLE 403.3.1.1 | AN49: Public spaces_Corridors other than Group R | AQ49: =CONCATENATE(AM49,AN49,AO49,AP49,"Vent") -> Washington State Mechanical Code TABLE 403.3.1.1Public spaces_Corridors other than Group RVent | AR49: 0 | AS49: 0 | AW49: NCC S35C2l | AY49: Shared with host building class (Other applications) - no equipment load per S35C2l; radiant/latent/lost fraction split retained from original WA/COMNET-REV9 source (AIRAH Technical Handbook does not publish this split) | BB49: 0.41 | BC49: 4.4132 | BD49: 0.37 | BE49: 0.2 | BF49: IECC Table C405.3.2(2) | BH49: Atrium - less than or equal to 40 feet in height; radiant/visible fraction split retained from original WA/COMNET-REV9 source | BI49: =CONCATENATE(BF49,BG49,BH49,"LightingDef") -> IECC Table C405.3.2(2)Atrium - less than or equal to 40 feet in height; radiant/visible fraction split retained from original WA/COMNET-REV9 sourceLightingDef | BJ49: NECB-C-Lighting | BW49: 0.7 | BY49: NCC S34C2(6) | BZ49: 0.7 ACH assumed as design infiltration for periods without mechanical outdoor air supply; NCC also specifies 0.35 ACH when mechanical OA is operating (to be applied via infiltration schedule once developed) | CB49: =CONCATENATE(CE49,"_",CF49) -> Space Function_Atrium - H < 13m | CC49: =CONCATENATE(BY49,BZ49,CA49,CB49,"Infil") -> NCC S34C2(6)0.7 ACH assumed as design infiltration for periods without mechanical outdoor air supply; NCC also specifies 0.35 ACH when mechanical OA is operating (to be applied via infiltration schedule once developed)Space Function_Atrium - H < 13mInfil | CD49: Always On | CE49: Space Function | CF49: Atrium - H < 13m | CH49: 0.31 | CJ49: MediumRough | CK49: 0.085 | CL49: 2.56 | CM49: 904 | CN49: 1122 | CO49: 0.9 | CP49: 0.7 | CQ49: 0.7 | CR49: Mixed_Atrium_LTE40ft_85mm | CS49: CalculatedEstimate | CT49: LightWoodTrussesOrSmallSteelBeams | CV49: =CR49 -> Mixed_Atrium_LTE40ft_85mm | CW49: =CONCATENATE(CS49,CT49,CU49,CV49,"InternalMassDef") -> CalculatedEstimateLightWoodTrussesOrSmallSteelBeamsMixed_Atrium_LTE40ft_85mmInternalMassDef
A50: CS Atrium - More than 40 ft | B50: =CONCATENATE(F50,"_",G50,"_",H50) -> 2025_AU_NCC | C50: Atrium | D50: Atrium - More than 40 ft | E50: Atrium | F50: 2025 | G50: AU | H50: NCC | I50: 255 | J50: 255 | K50: 0 | L50: =CONCATENATE(A50,"_",F50,G50,H50) -> CS Atrium - More than 40 ft_2025AUNCC | M50: =CONCATENATE(L50,"ScheduleSet") -> CS Atrium - More than 40 ft_2025AUNCCScheduleSet | Q50: 255.91 | R50: 75 | S50: 187.67 | T50: 55 | W50: 130 | X50: 0.57692308 | Y50: NCC S35C2n | Z50: Other applications (non-dining) | AH50: 0.06 | AI50: =AH50*0.00508 -> 0.0003048 | AM50: Washington State Mechanical Code TABLE 403.3.1.1 | AN50: Public spaces_Corridors other than Group R | AQ50: =CONCATENATE(AM50,AN50,AO50,AP50,"Vent") -> Washington State Mechanical Code TABLE 403.3.1.1Public spaces_Corridors other than Group RVent | AR50: 0 | AS50: 0 | AW50: NCC S35C2l | AY50: Shared with host building class (Other applications) - no equipment load per S35C2l; radiant/latent/lost fraction split retained from original WA/COMNET-REV9 source (AIRAH Technical Handbook does not publish this split) | BB50: 0.51 | BC50: 5.48959 | BD50: 0.37 | BE50: 0.2 | BF50: IECC Table C405.3.2(2) | BH50: Atrium - greater than 40 feet in height; radiant/visible fraction split retained from original WA/COMNET-REV9 source | BI50: =CONCATENATE(BF50,BG50,BH50,"LightingDef") -> IECC Table C405.3.2(2)Atrium - greater than 40 feet in height; radiant/visible fraction split retained from original WA/COMNET-REV9 sourceLightingDef | BJ50: NECB-C-Lighting | BW50: 0.7 | BY50: NCC S34C2(6) | BZ50: 0.7 ACH assumed as design infiltration for periods without mechanical outdoor air supply; NCC also specifies 0.35 ACH when mechanical OA is operating (to be applied via infiltration schedule once developed) | CB50: =CONCATENATE(CE50,"_",CF50) -> Space Function_Atrium - H > 13m | CC50: =CONCATENATE(BY50,BZ50,CA50,CB50,"Infil") -> NCC S34C2(6)0.7 ACH assumed as design infiltration for periods without mechanical outdoor air supply; NCC also specifies 0.35 ACH when mechanical OA is operating (to be applied via infiltration schedule once developed)Space Function_Atrium - H > 13mInfil | CD50: Always On | CE50: Space Function | CF50: Atrium - H > 13m | CH50: 0.36 | CJ50: MediumRough | CK50: 0.1294 | CL50: 3.01 | CM50: 886 | CN50: 1270 | CO50: 0.9 | CP50: 0.7 | CQ50: 0.7 | CR50: Mixed_Atrium_GT40ft_129mm | CS50: CalculatedEstimate | CT50: HeavyGlulamBeamsOrSteelMembers | CV50: =CR50 -> Mixed_Atrium_GT40ft_129mm | CW50: =CONCATENATE(CS50,CT50,CU50,CV50,"InternalMassDef") -> CalculatedEstimateHeavyGlulamBeamsOrSteelMembersMixed_Atrium_GT40ft_129mmInternalMassDef
A51: CS Banking Activity Area | B51: =CONCATENATE(F51,"_",G51,"_",H51) -> 2025_AU_NCC | C51: Bank | D51: Banking Activity Area | E51: Bank - banking and offices | F51: 2025 | G51: AU | H51: NCC | I51: 204 | J51: 255 | K51: 229 | L51: =CONCATENATE(A51,"_",F51,G51,H51) -> CS Banking Activity Area_2025AUNCC | M51: =CONCATENATE(L51,"ScheduleSet") -> CS Banking Activity Area_2025AUNCCScheduleSet | N51: 25 | O51: 40 | P51: 0.4305566 | Q51: 255.91 | R51: 75 | S51: 187.67 | T51: 55 | W51: 130 | X51: 0.57692308 | Y51: NCC S35C2n | Z51: Other applications (non-dining) | AC51: =CONCATENATE(Y51,Z51,AA51,AB51,"PeopleDef") -> NCC S35C2nOther applications (non-dining)PeopleDef | AD51: NECB-A-Occupancy | AE51: =CONCATENATE(A51,"Activity") -> CS Banking Activity AreaActivity | AF51: 7.5 | AG51: =AF51/2119 -> 0.0035394054 | AH51: 0.06 | AI51: =AH51*0.00508 -> 0.0003048 | AM51: Washington State Mechanical Code TABLE 403.3.1.1 | AN51: Public spaces_Museums/galleries | AQ51: =CONCATENATE(AM51,AN51,AO51,AP51,"Vent") -> Washington State Mechanical Code TABLE 403.3.1.1Public spaces_Museums/galleries Vent | AR51: 0.464515 | AS51: 5 | AT51: 0 | AU51: 0.5 | AV51: 0 | AW51: NCC S35C2l | AX51: NREL 956/Eley Analysis | AY51: Class 6 shop/shopping centre (bank treated as retail/counter service - judgment call, no distinct NCC bank category); radiant/latent/lost fraction split retained from original WA/COMNET-REV9 source (AIRAH Technical Handbook does not publish this split) | AZ51: =CONCATENATE(AW51,AX51,AY51,A51,"ElectricalEquipDef") -> NCC S35C2lNREL 956/Eley AnalysisClass 6 shop/shopping centre (bank treated as retail/counter service - judgment call, no distinct NCC bank category); radiant/latent/lost fraction split retained from original WA/COMNET-REV9 source (AIRAH Technical Handbook does not publish this split)CS Banking Activity AreaElectricalEquipDef | BA51: NECB-A-Electric-Equipment | BB51: 0.418064 | BC51: 4.5 | BD51: 0.37 | BE51: 0.2 | BF51: NCC J7D3a | BH51: Office - artificially lit to >= 200 lux (teller/counter areas judged closer to office than retail merchandising); radiant/visible fraction split retained from original WA/COMNET-REV9 source (AIRAH Technical Handbook does not publish this split) | BI51: =CONCATENATE(BF51,BG51,BH51,"LightingDef") -> NCC J7D3aOffice - artificially lit to >= 200 lux (teller/counter areas judged closer to office than retail merchandising); radiant/visible fraction split retained from original WA/COMNET-REV9 source (AIRAH Technical Handbook does not publish this split)LightingDef | BJ51: NECB-A-Lighting | BW51: 0.7 | BY51: NCC S34C2(6) | BZ51: 0.7 ACH assumed as design infiltration for periods without mechanical outdoor air supply; NCC also specifies 0.35 ACH when mechanical OA is operating (to be applied via infiltration schedule once developed) | CB51: =CONCATENATE(CE51,"_",CF51) -> Space Function_Bank - banking and offices | CC51: =CONCATENATE(BY51,BZ51,CA51,CB51,"Infil") -> NCC S34C2(6)0.7 ACH assumed as design infiltration for periods without mechanical outdoor air supply; NCC also specifies 0.35 ACH when mechanical OA is operating (to be applied via infiltration schedule once developed)Space Function_Bank - banking and officesInfil | CD51: Always On | CE51: Space Function | CF51: Bank - banking and offices | CH51: 0.69 | CJ51: MediumRough | CK51: 0.0151 | CL51: 5.243 | CM51: 1547 | CN51: 811 | CO51: 0.9 | CP51: 0.7 | CQ51: 0.7 | CR51: Mixed_Banking_ActivityArea_15mm | CS51: CalculatedEstimate | CT51: TellerCountersAndSecurityTransactionWindows | CV51: =CR51 -> Mixed_Banking_ActivityArea_15mm | CW51: =CONCATENATE(CS51,CT51,CU51,CV51,"InternalMassDef") -> CalculatedEstimateTellerCountersAndSecurityTransactionWindowsMixed_Banking_ActivityArea_15mmInternalMassDef
A52: CS Classroom/Lecture/Training - Penitentiary | B52: =CONCATENATE(F52,"_",G52,"_",H52) -> 2025_AU_NCC | C52: Penitentiary | D52: Classroom/Lecture/Training | E52: Penitentiary - classroom | F52: 2025 | G52: AU | H52: NCC | I52: 204 | J52: 120 | K52: 230 | L52: =CONCATENATE(A52,"_",F52,G52,H52) -> CS Classroom/Lecture/Training - Penitentiary_2025AUNCC | M52: =CONCATENATE(L52,"ScheduleSet") -> CS Classroom/Lecture/Training - Penitentiary_2025AUNCCScheduleSet | N52: 15.384615 | O52: 65 | P52: 0.69965448 | Q52: 255.91 | R52: 75 | S52: 187.67 | T52: 55 | W52: 130 | X52: 0.57692308 | Y52: NCC S35C2n | Z52: Other applications (non-dining) | AC52: =CONCATENATE(Y52,Z52,AA52,AB52,"PeopleDef") -> NCC S35C2nOther applications (non-dining)PeopleDef | AD52: NECB-D-Occupancy | AE52: =CONCATENATE(A52,"Activity") -> CS Classroom/Lecture/Training - PenitentiaryActivity | AF52: 7.5 | AG52: =AF52/2119 -> 0.0035394054 | AH52: 0.06 | AI52: =AH52*0.00508 -> 0.0003048 | AM52: Washington State Mechanical Code TABLE 403.3.1.1 | AN52: Education_Lecture classroom | AQ52: =CONCATENATE(AM52,AN52,AO52,AP52,"Vent") -> Washington State Mechanical Code TABLE 403.3.1.1Education_Lecture classroom Vent | AR52: 0.58912884 | AS52: 6.3413828 | AT52: 0 | AU52: 0.5 | AV52: 0 | AW52: COMNET-REV9 | AX52: NREL 956/Eley Analysis | AY52: DOEPrototype | AZ52: =CONCATENATE(AW52,AX52,AY52,A52,"ElectricalEquipDef") -> COMNET-REV9NREL 956/Eley AnalysisDOEPrototypeCS Classroom/Lecture/Training - PenitentiaryElectricalEquipDef | BA52: NECB-D-Electric-Equipment | BB52: 0.74 | BC52: 7.96529 | BD52: 0.37 | BE52: 0.2 | BF52: IECC Table C405.3.2(2) | BH52: Classroom/lecture hall/training room - in a penitentiary; radiant/visible fraction split retained from original WA/COMNET-REV9 source | BI52: =CONCATENATE(BF52,BG52,BH52,"LightingDef") -> IECC Table C405.3.2(2)Classroom/lecture hall/training room - in a penitentiary; radiant/visible fraction split retained from original WA/COMNET-REV9 sourceLightingDef | BJ52: NECB-D-Lighting | BW52: 0.7 | BY52: NCC S34C2(6) | BZ52: 0.7 ACH assumed as design infiltration for periods without mechanical outdoor air supply; NCC also specifies 0.35 ACH when mechanical OA is operating (to be applied via infiltration schedule once developed) | CB52: =CONCATENATE(CE52,"_",CF52) -> Space Function_Classroom/lecture/training | CC52: =CONCATENATE(BY52,BZ52,CA52,CB52,"Infil") -> NCC S34C2(6)0.7 ACH assumed as design infiltration for periods without mechanical outdoor air supply; NCC also specifies 0.35 ACH when mechanical OA is operating (to be applied via infiltration schedule once developed)Space Function_Classroom/lecture/trainingInfil | CD52: Always On | CE52: Space Function | CF52: Classroom/lecture/training | CH52: 0.85 | CJ52: MediumSmooth | CK52: 0.0043 | CL52: 9.44 | CM52: 1923 | CN52: 895 | CO52: 0.9 | CP52: 0.55 | CQ52: 0.5 | CR52: Mixed_Classroom_Penitentiary_4mm | CS52: CalculatedEstimate | CT52: LaminateDeskSteelChairInstitutional | CV52: =CR52 -> Mixed_Classroom_Penitentiary_4mm | CW52: =CONCATENATE(CS52,CT52,CU52,CV52,"InternalMassDef") -> CalculatedEstimateLaminateDeskSteelChairInstitutionalMixed_Classroom_Penitentiary_4mmInternalMassDef
A53: CS Classroom/Lecture/Training - K-12 - laboratory and shops | B53: =CONCATENATE(F53,"_",G53,"_",H53) -> 2025_AU_NCC | C53: Secondary School | D53: Classroom/Lecture/Training - K-12 - laboratory and shops | E53: SecondarySchool Classroom | F53: 2025 | G53: AU | H53: NCC | I53: 204 | J53: 120 | K53: 230 | L53: =CONCATENATE(A53,"_",F53,G53,H53) -> CS Classroom/Lecture/Training - K-12 - laboratory and shops_2025AUNCC | M53: =CONCATENATE(L53,"ScheduleSet") -> CS Classroom/Lecture/Training - K-12 - laboratory and shops_2025AUNCCScheduleSet | N53: 15.384615 | O53: 65 | P53: 0.69965448 | Q53: 255.91 | R53: 75 | S53: 187.67 | T53: 55 | W53: 130 | X53: 0.57692308 | Y53: NCC S35C2n | Z53: Other applications (non-dining) | AC53: =CONCATENATE(Y53,Z53,AA53,AB53,"PeopleDef") -> NCC S35C2nOther applications (non-dining)PeopleDef | AD53: SchoolSecondary BLDG_OCC_SCH_Gym | AE53: =CONCATENATE(A53,"Activity") -> CS Classroom/Lecture/Training - K-12 - laboratory and shopsActivity | AF53: 7.5 | AG53: =AF53/2119 -> 0.0035394054 | AH53: 0.06 | AI53: =AH53*0.00508 -> 0.0003048 | AM53: Washington State Mechanical Code TABLE 403.3.1.1 | AN53: Education_Lecture classroom | AQ53: =CONCATENATE(AM53,AN53,AO53,AP53,"Vent") -> Washington State Mechanical Code TABLE 403.3.1.1Education_Lecture classroom Vent | AR53: 0.464515 | AS53: 5 | AT53: 0 | AU53: 0.5 | AV53: 0 | AW53: NCC S35C2l | AX53: NREL 956/Eley Analysis | AY53: Class 9b school; radiant/latent/lost fraction split retained from original WA/COMNET-REV9 source (AIRAH Technical Handbook does not publish this split) | AZ53: =CONCATENATE(AW53,AX53,AY53,A53,"ElectricalEquipDef") -> NCC S35C2lNREL 956/Eley AnalysisClass 9b school; radiant/latent/lost fraction split retained from original WA/COMNET-REV9 source (AIRAH Technical Handbook does not publish this split)CS Classroom/Lecture/Training - K-12 - laboratory and shopsElectricalEquipDef | BA53: SchoolSecondary BLDG_EQUIP_SCH | BB53: 0.557418 | BC53: 6 | BD53: 0.37 | BE53: 0.2 | BF53: NCC J7D3a | BH53: Laboratory - artificially lit to an ambient level of 400 lx or more (K-12 lab/shops variant); radiant/visible fraction split retained from original WA/COMNET-REV9 source (AIRAH Technical Handbook does not publish this split) | BI53: =CONCATENATE(BF53,BG53,BH53,"LightingDef") -> NCC J7D3aLaboratory - artificially lit to an ambient level of 400 lx or more (K-12 lab/shops variant); radiant/visible fraction split retained from original WA/COMNET-REV9 source (AIRAH Technical Handbook does not publish this split)LightingDef | BJ53: SchoolSecondary BLDG_LIGHT_GYM_SCH | BW53: 0.7 | BY53: NCC S34C2(6) | BZ53: 0.7 ACH assumed as design infiltration for periods without mechanical outdoor air supply; NCC also specifies 0.35 ACH when mechanical OA is operating (to be applied via infiltration schedule once developed) | CB53: =CONCATENATE(CE53,"_",CF53) -> SecondarySchool_Classroom | CC53: =CONCATENATE(BY53,BZ53,CA53,CB53,"Infil") -> NCC S34C2(6)0.7 ACH assumed as design infiltration for periods without mechanical outdoor air supply; NCC also specifies 0.35 ACH when mechanical OA is operating (to be applied via infiltration schedule once developed)SecondarySchool_ClassroomInfil | CD53: Always On | CE53: SecondarySchool | CF53: Classroom | CH53: 2.35 | CJ53: MediumRough | CK53: 0.00428 | CL53: 14 | CM53: 2572 | CN53: 659 | CO53: 0.9 | CP53: 0.7 | CQ53: 0.7 | CR53: Mixed_ClassroomK12_LabShop_4mm | CS53: CalculatedEstimate | CT53: SteelBenchesCaseworkAndShopMachines | CV53: =CR53 -> Mixed_ClassroomK12_LabShop_4mm | CW53: =CONCATENATE(CS53,CT53,CU53,CV53,"InternalMassDef") -> CalculatedEstimateSteelBenchesCaseworkAndShopMachinesMixed_ClassroomK12_LabShop_4mmInternalMassDef
A54: CS Classroom/Lecture/Training - Other | B54: =CONCATENATE(F54,"_",G54,"_",H54) -> 2025_AU_NCC | C54: School/University | D54: Classroom/Lecture/Training | E54: Classroom/lecture/training | F54: 2025 | G54: AU | H54: NCC | I54: 204 | J54: 120 | K54: 230 | L54: =CONCATENATE(A54,"_",F54,G54,H54) -> CS Classroom/Lecture/Training - Other_2025AUNCC | M54: =CONCATENATE(L54,"ScheduleSet") -> CS Classroom/Lecture/Training - Other_2025AUNCCScheduleSet | N54: 15.384615 | O54: 65 | P54: 0.69965448 | Q54: 255.91 | R54: 75 | S54: 187.67 | T54: 55 | W54: 130 | X54: 0.57692308 | Y54: NCC S35C2n | Z54: Other applications (non-dining) | AC54: =CONCATENATE(Y54,Z54,AA54,AB54,"PeopleDef") -> NCC S35C2nOther applications (non-dining)PeopleDef | AD54: NECB-D-Occupancy | AE54: =CONCATENATE(A54,"Activity") -> CS Classroom/Lecture/Training - OtherActivity | AF54: 7.5 | AG54: =AF54/2119 -> 0.0035394054 | AH54: 0.06 | AI54: =AH54*0.00508 -> 0.0003048 | AM54: Washington State Mechanical Code TABLE 403.3.1.1 | AN54: Education_Lecture classroom | AQ54: =CONCATENATE(AM54,AN54,AO54,AP54,"Vent") -> Washington State Mechanical Code TABLE 403.3.1.1Education_Lecture classroom Vent | AR54: 0.464515 | AS54: 5 | AT54: 0 | AU54: 0.5 | AV54: 0 | AW54: NCC S35C2l | AX54: NREL 956/Eley Analysis | AY54: Class 9b school; radiant/latent/lost fraction split retained from original WA/COMNET-REV9 source (AIRAH Technical Handbook does not publish this split) | AZ54: =CONCATENATE(AW54,AX54,AY54,A54,"ElectricalEquipDef") -> NCC S35C2lNREL 956/Eley AnalysisClass 9b school; radiant/latent/lost fraction split retained from original WA/COMNET-REV9 source (AIRAH Technical Handbook does not publish this split)CS Classroom/Lecture/Training - OtherElectricalEquipDef | BA54: NECB-D-Electric-Equipment | BB54: 0.418064 | BC54: 4.5 | BD54: 0.37 | BE54: 0.2 | BF54: NCC J7D3a | BH54: School - general purpose learning areas and tutorial rooms; radiant/visible fraction split retained from original WA/COMNET-REV9 source (AIRAH Technical Handbook does not publish this split) | BI54: =CONCATENATE(BF54,BG54,BH54,"LightingDef") -> NCC J7D3aSchool - general purpose learning areas and tutorial rooms; radiant/visible fraction split retained from original WA/COMNET-REV9 source (AIRAH Technical Handbook does not publish this split)LightingDef | BJ54: NECB-D-Lighting | BW54: 0.7 | BY54: NCC S34C2(6) | BZ54: 0.7 ACH assumed as design infiltration for periods without mechanical outdoor air supply; NCC also specifies 0.35 ACH when mechanical OA is operating (to be applied via infiltration schedule once developed) | CB54: =CONCATENATE(CE54,"_",CF54) -> Space Function_Classroom/lecture/training | CC54: =CONCATENATE(BY54,BZ54,CA54,CB54,"Infil") -> NCC S34C2(6)0.7 ACH assumed as design infiltration for periods without mechanical outdoor air supply; NCC also specifies 0.35 ACH when mechanical OA is operating (to be applied via infiltration schedule once developed)Space Function_Classroom/lecture/trainingInfil | CD54: Always On | CE54: Space Function | CF54: Classroom/lecture/training | CH54: 1.3 | CJ54: MediumRough | CK54: 0.0078 | CL54: 2.85 | CM54: 894 | CN54: 936 | CO54: 0.9 | CP54: 0.6 | CQ54: 0.6 | CR54: Mixed_ClassroomTraining_Other_8mm | CS54: CalculatedEstimate | CT54: MovableLaminateTablesAndStackingChairs | CV54: =CR54 -> Mixed_ClassroomTraining_Other_8mm | CW54: =CONCATENATE(CS54,CT54,CU54,CV54,"InternalMassDef") -> CalculatedEstimateMovableLaminateTablesAndStackingChairsMixed_ClassroomTraining_Other_8mmInternalMassDef
A55: CS Conference/Meeting/Multipurpose | B55: =CONCATENATE(F55,"_",G55,"_",H55) -> 2025_AU_NCC | C55: Office | D55: Conference/Meeting/Multipurpose | E55: Office Conference | F55: 2025 | G55: AU | H55: NCC | I55: 230 | J55: 196 | K55: 120 | L55: =CONCATENATE(A55,"_",F55,G55,H55) -> CS Conference/Meeting/Multipurpose_2025AUNCC | M55: =CONCATENATE(L55,"ScheduleSet") -> CS Conference/Meeting/Multipurpose_2025AUNCCScheduleSet | N55: 20 | O55: 50 | P55: 0.53819575 | Q55: 255.91 | R55: 75 | S55: 187.67 | T55: 55 | W55: 130 | X55: 0.57692308 | Y55: NCC S35C2n | Z55: Other applications (non-dining) | AC55: =CONCATENATE(Y55,Z55,AA55,AB55,"PeopleDef") -> NCC S35C2nOther applications (non-dining)PeopleDef | AD55: OfficeMedium BLDG_OCC_SCH | AE55: =CONCATENATE(A55,"Activity") -> CS Conference/Meeting/MultipurposeActivity | AF55: 5 | AG55: =AF55/2119 -> 0.0023596036 | AH55: 0.06 | AI55: =AH55*0.00508 -> 0.0003048 | AM55: Washington State Mechanical Code TABLE 403.3.1.1 | AN55: Office_Conference rooms | AQ55: =CONCATENATE(AM55,AN55,AO55,AP55,"Vent") -> Washington State Mechanical Code TABLE 403.3.1.1Office_Conference roomsVent | AR55: 1.021933 | AS55: 11 | AT55: 0 | AU55: 0.5 | AV55: 0 | AW55: NCC S35C2l | AX55: NREL 956/Eley Analysis | AY55: Class 5 building; radiant/latent/lost fraction split retained from original WA/COMNET-REV9 source (AIRAH Technical Handbook does not publish this split) | AZ55: =CONCATENATE(AW55,AX55,AY55,A55,"ElectricalEquipDef") -> NCC S35C2lNREL 956/Eley AnalysisClass 5 building; radiant/latent/lost fraction split retained from original WA/COMNET-REV9 source (AIRAH Technical Handbook does not publish this split)CS Conference/Meeting/MultipurposeElectricalEquipDef | BA55: OfficeMedium BLDG_EQUIP_SCH | BB55: 0.464515 | BC55: 5 | BD55: 0.37 | BE55: 0.2 | BF55: NCC J7D3a | BH55: Board room and conference room; radiant/visible fraction split retained from original WA/COMNET-REV9 source (AIRAH Technical Handbook does not publish this split) | BI55: =CONCATENATE(BF55,BG55,BH55,"LightingDef") -> NCC J7D3aBoard room and conference room; radiant/visible fraction split retained from original WA/COMNET-REV9 source (AIRAH Technical Handbook does not publish this split)LightingDef | BJ55: OfficeMedium BLDG_LIGHT_SCH_2013 | BW55: 0.7 | BY55: NCC S34C2(6) | BZ55: 0.7 ACH assumed as design infiltration for periods without mechanical outdoor air supply; NCC also specifies 0.35 ACH when mechanical OA is operating (to be applied via infiltration schedule once developed) | CB55: =CONCATENATE(CE55,"_",CF55) -> Space Function_Conf./meet./multi-purpose | CC55: =CONCATENATE(BY55,BZ55,CA55,CB55,"Infil") -> NCC S34C2(6)0.7 ACH assumed as design infiltration for periods without mechanical outdoor air supply; NCC also specifies 0.35 ACH when mechanical OA is operating (to be applied via infiltration schedule once developed)Space Function_Conf./meet./multi-purposeInfil | CD55: Always On | CE55: Space Function | CF55: Conf./meet./multi-purpose | CH55: 0.61 | CJ55: MediumRough | CK55: 0.0059 | CL55: 42.8 | CM55: 1804 | CN55: 1243 | CO55: 0.9 | CP55: 0.7 | CQ55: 0.65 | CR55: Conference_Meeting_Multipurpose_Material | CS55: CalculatedEstimate | CT55: ConferenceTablesChairsAndCredenza | CV55: =CR55 -> Conference_Meeting_Multipurpose_Material | CW55: =CONCATENATE(CS55,CT55,CU55,CV55,"InternalMassDef") -> CalculatedEstimateConferenceTablesChairsAndCredenzaConference_Meeting_Multipurpose_MaterialInternalMassDef
A56: CS Confinment Cells | B56: =CONCATENATE(F56,"_",G56,"_",H56) -> 2025_AU_NCC | C56: Courthouse | D56: Confinment Cells | E56: Courthouse - cell | F56: 2025 | G56: AU | H56: NCC | I56: 192 | J56: 192 | K56: 192 | L56: =CONCATENATE(A56,"_",F56,G56,H56) -> CS Confinment Cells_2025AUNCC | M56: =CONCATENATE(L56,"ScheduleSet") -> CS Confinment Cells_2025AUNCCScheduleSet | N56: 40 | O56: 25 | P56: 0.26909788 | Q56: 255.91 | R56: 75 | S56: 187.67 | T56: 55 | W56: 130 | X56: 0.57692308 | Y56: NCC S35C2n | Z56: Other applications (non-dining) | AC56: =CONCATENATE(Y56,Z56,AA56,AB55,"PeopleDef") -> NCC S35C2nOther applications (non-dining)PeopleDef | AD56: NECB-H-Occupancy | AE56: =CONCATENATE(A56,"Activity") -> CS Confinment CellsActivity | AF56: 5 | AG56: =AF56/2119 -> 0.0023596036 | AH56: 0.12 | AI56: =AH56*0.00508 -> 0.0006096 | AM56: Washington State Mechanical Code TABLE 403.3.1.1 | AN56: Correctional facilities_Cells With plumbing fixtures | AQ56: =CONCATENATE(AM56,AN56,AO56,AP56,"Vent") -> Washington State Mechanical Code TABLE 403.3.1.1Correctional facilities_Cells With plumbing fixturesVent | AR56: 1.4928323 | AS56: 16.068847 | AT56: 0 | AU56: 0.5 | AV56: 0 | AW56: COMNET-REV9 | AX56: NREL 956/Eley Analysis | AY56: DOEPrototype | AZ56: =CONCATENATE(AW56,AX56,AY56,A56,"ElectricalEquipDef") -> COMNET-REV9NREL 956/Eley AnalysisDOEPrototypeCS Confinment CellsElectricalEquipDef | BA56: NECB-H-Electric-Equipment | BB56: 0.48 | BC56: 5.16668 | BD56: 0.37 | BE56: 0.2 | BF56: IECC Table C405.3.2(2) | BH56: Dormitory - living quarters (nearest match for a private sleeping/holding room); radiant/visible fraction split retained from original WA/COMNET-REV9 source | BI56: =CONCATENATE(BF56,BG56,BH56,"LightingDef") -> IECC Table C405.3.2(2)Dormitory - living quarters (nearest match for a private sleeping/holding room); radiant/visible fraction split retained from original WA/COMNET-REV9 sourceLightingDef | BJ56: NECB-H-Lighting | BW56: 0.7 | BY56: NCC S34C2(6) | BZ56: 0.7 ACH assumed as design infiltration for periods without mechanical outdoor air supply; NCC also specifies 0.35 ACH when mechanical OA is operating (to be applied via infiltration schedule once developed) | CB56: =CONCATENATE(CE56,"_",CF56) -> Office_Conference | CC56: =CONCATENATE(BY56,BZ56,CA56,CB56,"Infil") -> NCC S34C2(6)0.7 ACH assumed as design infiltration for periods without mechanical outdoor air supply; NCC also specifies 0.35 ACH when mechanical OA is operating (to be applied via infiltration schedule once developed)Office_ConferenceInfil | CD56: OfficeMedium INFIL_SCH_PNNL | CE56: Office | CF56: Conference | CH56: 0.73 | CJ56: Smooth | CK56: 0.0043 | CL56: 33.8 | CM56: 7746 | CN56: 492 | CO56: 0.9 | CP56: 0.7 | CQ56: 0.7 | CR56: Steel_Security_Fixtures_4mm | CS56: CalculatedEstimate | CT56: FixedSteelBedDeskAndToiletFixtures | CV56: =CR56 -> Steel_Security_Fixtures_4mm | CW56: =CONCATENATE(CS56,CT56,CU56,CV56,"InternalMassDef") -> CalculatedEstimateFixedSteelBedDeskAndToiletFixturesSteel_Security_Fixtures_4mmInternalMassDef
A57: CS Copy/Print Room | B57: =CONCATENATE(F57,"_",G57,"_",H57) -> 2025_AU_NCC | C57: Office | D57: Copy/Print Room | E57: PrintRoom | F57: 2025 | G57: AU | H57: NCC | I57: 41 | J57: 31 | K57: 169 | L57: =CONCATENATE(A57,"_",F57,G57,H57) -> CS Copy/Print Room_2025AUNCC | M57: =CONCATENATE(L57,"ScheduleSet") -> CS Copy/Print Room_2025AUNCCScheduleSet | N57: 250 | O57: 4 | P57: 0.04305566 | Q57: 255.91 | R57: 75 | S57: 187.67 | T57: 55 | W57: 130 | X57: 0.57692308 | Y57: NCC S35C2n | Z57: Other applications (non-dining) | AC57: =CONCATENATE(Y57,Z57,AA57,AB57,"PeopleDef") -> NCC S35C2nOther applications (non-dining)PeopleDef | AD57: OfficeMedium BLDG_OCC_SCH | AE57: =CONCATENATE(A57,"Activity") -> CS Copy/Print RoomActivity | AF57: 5 | AG57: =AF57/2119 -> 0.0023596036 | AH57: 0.06 | AI57: =AH57*0.00508 -> 0.0003048 | AM57: Washington State Mechanical Code TABLE 403.3.1.1 | AN57: Workrooms_Copy_printing rooms | AQ57: =CONCATENATE(AM57,AN57,AO57,AP57,"Vent") -> Washington State Mechanical Code TABLE 403.3.1.1Workrooms_Copy_printing rooms Vent | AR57: 1.021933 | AS57: 11 | AT57: 0 | AU57: 0.5 | AV57: 0 | AW57: NCC S35C2l | AX57: BA Office | AY57: Class 5 building; radiant/latent/lost fraction split retained from original WA/COMNET-REV9 source (AIRAH Technical Handbook does not publish this split) | AZ57: =CONCATENATE(AW57,AX57,AY57,A57,"ElectricalEquipDef") -> NCC S35C2lBA OfficeClass 5 building; radiant/latent/lost fraction split retained from original WA/COMNET-REV9 source (AIRAH Technical Handbook does not publish this split)CS Copy/Print RoomElectricalEquipDef | BA57: OfficeMedium BLDG_EQUIP_SCH | BB57: 0.418064 | BC57: 4.5 | BD57: 0.37 | BE57: 0.2 | BF57: NCC J7D3a | BH57: Office - artificially lit to >= 200 lux (fallback; no dedicated print/copy room row); radiant/visible fraction split retained from original WA/COMNET-REV9 source (AIRAH Technical Handbook does not publish this split) | BI57: =CONCATENATE(BF57,BG57,BH57,"LightingDef") -> NCC J7D3aOffice - artificially lit to >= 200 lux (fallback; no dedicated print/copy room row); radiant/visible fraction split retained from original WA/COMNET-REV9 source (AIRAH Technical Handbook does not publish this split)LightingDef | BJ57: OfficeMedium BLDG_LIGHT_SCH_2013 | BW57: 0.7 | BY57: NCC S34C2(6) | BZ57: 0.7 ACH assumed as design infiltration for periods without mechanical outdoor air supply; NCC also specifies 0.35 ACH when mechanical OA is operating (to be applied via infiltration schedule once developed) | CB57: =CONCATENATE(CE57,"_",CF57) -> Office_PrintRoom | CC57: =CONCATENATE(BY57,BZ57,CA57,CB57,"Infil") -> NCC S34C2(6)0.7 ACH assumed as design infiltration for periods without mechanical outdoor air supply; NCC also specifies 0.35 ACH when mechanical OA is operating (to be applied via infiltration schedule once developed)Office_PrintRoomInfil | CD57: OfficeMedium INFIL_SCH_PNNL | CE57: Office | CF57: PrintRoom | CH57: 1.52 | CJ57: MediumRough | CK57: 0.0015 | CL57: 39.6 | CM57: 6545 | CN57: 629 | CO57: 0.9 | CP57: 0.7 | CQ57: 0.65 | CR57: Steel_Office_Equipment_2mm | CS57: CalculatedEstimate | CT57: CommercialCopierAndSteelStorageCabinets | CV57: =CR57 -> Steel_Office_Equipment_2mm | CW57: =CONCATENATE(CS57,CT57,CU57,CV57,"InternalMassDef") -> CalculatedEstimateCommercialCopierAndSteelStorageCabinetsSteel_Office_Equipment_2mmInternalMassDef
A58: CS Corridor - Assisted Living | B58: =CONCATENATE(F58,"_",G58,"_",H58) -> 2025_AU_NCC | C58: Assisted Living | D58: Corridor | E58: Office Corridor | F58: 2025 | G58: AU | H58: NCC | I58: 169 | J58: 31 | K58: 31 | L58: =CONCATENATE(A58,"_",F58,G58,H58) -> CS Corridor - Assisted Living_2025AUNCC | M58: =CONCATENATE(L58,"ScheduleSet") -> CS Corridor - Assisted Living_2025AUNCCScheduleSet | Q58: 255.91 | R58: 75 | S58: 187.67 | T58: 55 | W58: 130 | X58: 0.57692308 | Y58: NCC S35C2n | Z58: Other applications (non-dining) | AH58: 0.06 | AI58: =AH58*0.00508 -> 0.0003048 | AM58: Washington State Mechanical Code TABLE 403.3.1.1 | AN58: Public spaces_Corridors serving Group R | AQ58: =CONCATENATE(AM58,AN58,AO58,AP58,"Vent") -> Washington State Mechanical Code TABLE 403.3.1.1Public spaces_Corridors serving Group R Vent | AR58: 0 | AS58: 0 | AT58: 0 | AU58: 0.5 | AV58: 0 | AW58: NCC S35C2l | AY58: Class 9c building: S35C2l's 160 W/room provision applies only to sole-occupancy resident rooms; a corridor is a communal/circulation space so it defaults to 'Other applications - No load'; radiant/latent/lost fraction split retained from original WA/COMNET-REV9 source (AIRAH Technical Handbook does not publish this split) | AZ58: =CONCATENATE(AW58,AX58,AY58,A58,"ElectricalEquipDef") -> NCC S35C2lClass 9c building: S35C2l's 160 W/room provision applies only to sole-occupancy resident rooms; a corridor is a communal/circulation space so it defaults to 'Other applications - No load'; radiant/latent/lost fraction split retained from original WA/COMNET-REV9 source (AIRAH Technical Handbook does not publish this split)CS Corridor - Assisted LivingElectricalEquipDef | BA58: OfficeMedium BLDG_EQUIP_SCH | BB58: 0.464515 | BC58: 5 | BD58: 0.37 | BE58: 0.2 | BF58: NCC J7D3a | BH58: Corridors (Class 9c aged care building - NCC 2025 Vol One Spec 35 Table S35C2k is the applicable occupancy profile table for future schedule work); radiant/latent/lost fraction split retained from original WA/COMNET-REV9 source (AIRAH Technical Handbook does not publish this split) | BI58: =CONCATENATE(BF58,BG58,BH58,"LightingDef") -> NCC J7D3aCorridors (Class 9c aged care building - NCC 2025 Vol One Spec 35 Table S35C2k is the applicable occupancy profile table for future schedule work); radiant/latent/lost fraction split retained from original WA/COMNET-REV9 source (AIRAH Technical Handbook does not publish this split)LightingDef | BJ58: OfficeMedium BLDG_LIGHT_SCH_2013 | BW58: 0.7 | BY58: NCC S34C2(6) | BZ58: 0.7 ACH assumed as design infiltration for periods without mechanical outdoor air supply; NCC also specifies 0.35 ACH when mechanical OA is operating (to be applied via infiltration schedule once developed) | CB58: =CONCATENATE(CE58,"_",CF58) -> MidriseApartment_Corridor | CC58: =CONCATENATE(BY58,BZ58,CA58,CB58,"Infil") -> NCC S34C2(6)0.7 ACH assumed as design infiltration for periods without mechanical outdoor air supply; NCC also specifies 0.35 ACH when mechanical OA is operating (to be applied via infiltration schedule once developed)MidriseApartment_CorridorInfil | CD58: ApartmentMidRise INF_APT_SCH | CE58: MidriseApartment | CF58: Corridor | CH58: 0.19 | CJ58: Smooth | CK58: 0.0027 | CL58: 182.5 | CM58: 3009 | CN58: 894 | CO58: 0.9 | CP58: 0.7 | CQ58: 0.7 | CR58: Aluminum_Corridor_Fixtures_3mm | CS58: CalculatedEstimate | CT58: AluminumHandrailsAndWayfindingSignage | CV58: =CR58 -> Aluminum_Corridor_Fixtures_3mm | CW58: =CONCATENATE(CS58,CT58,CU58,CV58,"InternalMassDef") -> CalculatedEstimateAluminumHandrailsAndWayfindingSignageAluminum_Corridor_Fixtures_3mmInternalMassDef
A59: CS Corridor - Hospital | B59: =CONCATENATE(F59,"_",G59,"_",H59) -> 2025_AU_NCC | C59: Hospital | D59: Corridor | E59: Hospital Corridor | F59: 2025 | G59: AU | H59: NCC | I59: 169 | J59: 31 | K59: 31 | L59: =CONCATENATE(A59,"_",F59,G59,H59) -> CS Corridor - Hospital_2025AUNCC | M59: =CONCATENATE(L59,"ScheduleSet") -> CS Corridor - Hospital_2025AUNCCScheduleSet | Q59: 255.91 | R59: 75 | S59: 187.67 | T59: 55 | W59: 130 | X59: 0.57692308 | Y59: NCC S35C2n | Z59: Other applications (non-dining) | AH59: 0.06 | AI59: =AH59*0.00508 -> 0.0003048 | AM59: Washington State Mechanical Code TABLE 403.3.1.1 | AN59: Public spaces_Corridors other than Group R | AQ59: =CONCATENATE(AM59,AN59,AO59,AP59,"Vent") -> Washington State Mechanical Code TABLE 403.3.1.1Public spaces_Corridors other than Group RVent | AR59: 0.464515 | AS59: 5 | AT59: 0 | AU59: 0.5 | AV59: 0 | AW59: NCC S35C2l | AY59: Class 9a ward area (support/circulation default); radiant/latent/lost fraction split retained from original WA/COMNET-REV9 source (AIRAH Technical Handbook does not publish this split) | AZ59: =CONCATENATE(AW59,AX59,AY59,A59,"ElectricalEquipDef") -> NCC S35C2lClass 9a ward area (support/circulation default); radiant/latent/lost fraction split retained from original WA/COMNET-REV9 source (AIRAH Technical Handbook does not publish this split)CS Corridor - HospitalElectricalEquipDef | BA59: Hospital BLDG_EQUIP_SCH | BB59: 0.232258 | BC59: 2.5 | BD59: 0.37 | BE59: 0.2 | BF59: NCC J7D3a | BH59: Health-care - all other patient care areas including wards and corridors; radiant/visible fraction split retained from original WA/COMNET-REV9 source (AIRAH Technical Handbook does not publish this split) | BI59: =CONCATENATE(BF59,BG59,BH59,"LightingDef") -> NCC J7D3aHealth-care - all other patient care areas including wards and corridors; radiant/visible fraction split retained from original WA/COMNET-REV9 source (AIRAH Technical Handbook does not publish this split)LightingDef | BJ59: Hospital BLDG_LIGHT_CORRIDOR_SCH | BW59: 0.7 | BY59: NCC S34C2(6) | BZ59: 0.7 ACH assumed as design infiltration for periods without mechanical outdoor air supply; NCC also specifies 0.35 ACH when mechanical OA is operating (to be applied via infiltration schedule once developed) | CB59: =CONCATENATE(CE59,"_",CF59) -> Hospital_Corridor | CC59: =CONCATENATE(BY59,BZ59,CA59,CB59,"Infil") -> NCC S34C2(6)0.7 ACH assumed as design infiltration for periods without mechanical outdoor air supply; NCC also specifies 0.35 ACH when mechanical OA is operating (to be applied via infiltration schedule once developed)Hospital_CorridorInfil | CD59: Hospital INFIL_SCH_PNNL | CE59: Hospital | CF59: Corridor | CH59: 0.26 | CJ59: Smooth | CK59: 0.0025 | CL59: 64.8 | CM59: 6330 | CN59: 644 | CO59: 0.9 | CP59: 0.7 | CQ59: 0.7 | CR59: Stainless_Aluminum_Hospital_3mm | CS59: CalculatedEstimate | CT59: StainlessHandrailsAndMedicalSignage | CV59: =CR59 -> Stainless_Aluminum_Hospital_3mm | CW59: =CONCATENATE(CS59,CT59,CU59,CV59,"InternalMassDef") -> CalculatedEstimateStainlessHandrailsAndMedicalSignageStainless_Aluminum_Hospital_3mmInternalMassDef
A60: CS Corridor - Manufacturing | B60: =CONCATENATE(F60,"_",G60,"_",H60) -> 2025_AU_NCC | C60: Manufacturing Facility | D60: Corridor | E60: Mfg - corr. >= 2.4m | F60: 2025 | G60: AU | H60: NCC | I60: 169 | J60: 31 | K60: 31 | L60: =CONCATENATE(A60,"_",F60,G60,H60) -> CS Corridor - Manufacturing_2025AUNCC | M60: =CONCATENATE(L60,"ScheduleSet") -> CS Corridor - Manufacturing_2025AUNCCScheduleSet | N60: 143 | O60: 6.993007 | P60: 0.075272133 | Q60: 255.91 | R60: 75 | S60: 187.67 | T60: 55 | W60: 130 | X60: 0.57692308 | Y60: NCC S35C2n | Z60: Other applications (non-dining) | AC60: =CONCATENATE(Y60,Z60,AA60,A60,"PeopleDef") -> NCC S35C2nOther applications (non-dining)CS Corridor - ManufacturingPeopleDef | AD60: NECB-A-Occupancy | AE60: =CONCATENATE(A60,"Activity") -> CS Corridor - ManufacturingActivity | AH60: 0.25 | AI60: =AH60*0.00508 -> 0.00127 | AM60: COMNET-REV9 | AQ60: =CONCATENATE(AM60,AN60,AO60,AP60,A60,"Vent") -> COMNET-REV9CS Corridor - ManufacturingVent | AR60: 0 | AS60: 0 | AT60: 0 | AU60: 0.5 | AV60: 0 | AW60: NCC S35C2l | AY60: Class 8 (Other applications) - no equipment load per S35C2l; radiant/latent/lost fraction split retained from original WA/COMNET-REV9 source (AIRAH Technical Handbook does not publish this split) | AZ60: =CONCATENATE(AW60,AX60,AY60,A60,"ElectricalEquipDef") -> NCC S35C2lClass 8 (Other applications) - no equipment load per S35C2l; radiant/latent/lost fraction split retained from original WA/COMNET-REV9 source (AIRAH Technical Handbook does not publish this split)CS Corridor - ManufacturingElectricalEquipDef | BA60: NECB-A-Electric-Equipment | BB60: 0.464515 | BC60: 5 | BD60: 0.37 | BE60: 0.2 | BF60: NCC J7D3a | BH60: Corridors; radiant/visible fraction split retained from original WA/COMNET-REV9 source (AIRAH Technical Handbook does not publish this split) | BI60: =CONCATENATE(BF60,BG60,BH60,"LightingDef") -> NCC J7D3aCorridors; radiant/visible fraction split retained from original WA/COMNET-REV9 source (AIRAH Technical Handbook does not publish this split)LightingDef | BJ60: NECB-A-Lighting | BW60: 0.7 | BY60: NCC S34C2(6) | BZ60: 0.7 ACH assumed as design infiltration for periods without mechanical outdoor air supply; NCC also specifies 0.35 ACH when mechanical OA is operating (to be applied via infiltration schedule once developed) | CB60: =CONCATENATE(CE60,"_",CF60) -> Office_Corridor | CC60: =CONCATENATE(BY60,BZ60,CA60,CB60,"Infil") -> NCC S34C2(6)0.7 ACH assumed as design infiltration for periods without mechanical outdoor air supply; NCC also specifies 0.35 ACH when mechanical OA is operating (to be applied via infiltration schedule once developed)Office_CorridorInfil | CD60: OfficeMedium INFIL_SCH_PNNL | CE60: Office | CF60: Corridor | CH60: 0.34 | CJ60: MediumRough | CK60: 0.0063 | CL60: 82 | CM60: 5095 | CN60: 711 | CO60: 0.9 | CP60: 0.7 | CQ60: 0.7 | CR60: Steel_Aluminum_Industrial_6mm | CS60: CalculatedEstimate | CT60: SteelHandrailsAndSafetyBollards | CV60: =CR60 -> Steel_Aluminum_Industrial_6mm | CW60: =CONCATENATE(CS60,CT60,CU60,CV60,"InternalMassDef") -> CalculatedEstimateSteelHandrailsAndSafetyBollardsSteel_Aluminum_Industrial_6mmInternalMassDef
A61: CS Corridor - Other | B61: =CONCATENATE(F61,"_",G61,"_",H61) -> 2025_AU_NCC | C61: Miscellaneous | D61: Corridor | E61: SecondarySchool Corridor | F61: 2025 | G61: AU | H61: NCC | I61: 169 | J61: 31 | K61: 31 | L61: =CONCATENATE(A61,"_",F61,G61,H61) -> CS Corridor - Other_2025AUNCC | M61: =CONCATENATE(L61,"ScheduleSet") -> CS Corridor - Other_2025AUNCCScheduleSet | Q61: 255.91 | R61: 75 | S61: 187.67 | T61: 55 | W61: 130 | X61: 0.57692308 | Y61: NCC S35C2n | Z61: Other applications (non-dining) | AH61: 0.06 | AI61: =AH61*0.00508 -> 0.0003048 | AM61: Washington State Mechanical Code TABLE 403.3.1.1 | AN61: Public spaces_Corridors other than Group R | AQ61: =CONCATENATE(AM61,AN61,AO61,AP61,"Vent") -> Washington State Mechanical Code TABLE 403.3.1.1Public spaces_Corridors other than Group RVent | AR61: 0 | AS61: 0 | AT61: 0 | AU61: 0.5 | AV61: 0 | AW61: NCC S35C2l | AX61: BA Warehouse | AY61: Shared with host building class (Other applications) - no equipment load per S35C2l; radiant/latent/lost fraction split retained from original WA/COMNET-REV9 source (AIRAH Technical Handbook does not publish this split) | AZ61: =CONCATENATE(AW61,AX61,AY61,A61,"ElectricalEquipDef") -> NCC S35C2lBA WarehouseShared with host building class (Other applications) - no equipment load per S35C2l; radiant/latent/lost fraction split retained from original WA/COMNET-REV9 source (AIRAH Technical Handbook does not publish this split)CS Corridor - OtherElectricalEquipDef | BA61: SchoolSecondary BLDG_EQUIP_SCH | BB61: 0.464515 | BC61: 5 | BD61: 0.37 | BE61: 0.2 | BF61: NCC J7D3a | BH61: Corridors; radiant/visible fraction split retained from original WA/COMNET-REV9 source (AIRAH Technical Handbook does not publish this split) | BI61: =CONCATENATE(BF61,BG61,BH61,"LightingDef") -> NCC J7D3aCorridors; radiant/visible fraction split retained from original WA/COMNET-REV9 source (AIRAH Technical Handbook does not publish this split)LightingDef | BJ61: SchoolSecondary BLDG_LIGHT_CORRIDOR_SCH | BW61: 0.7 | BY61: NCC S34C2(6) | BZ61: 0.7 ACH assumed as design infiltration for periods without mechanical outdoor air supply; NCC also specifies 0.35 ACH when mechanical OA is operating (to be applied via infiltration schedule once developed) | CB61: =CONCATENATE(CE61,"_",CF61) -> LargeHotel_Corridor | CC61: =CONCATENATE(BY61,BZ61,CA61,CB61,"Infil") -> NCC S34C2(6)0.7 ACH assumed as design infiltration for periods without mechanical outdoor air supply; NCC also specifies 0.35 ACH when mechanical OA is operating (to be applied via infiltration schedule once developed)LargeHotel_CorridorInfil | CD61: HotelLarge INFIL_QUARTER_ON_SCH | CE61: LargeHotel | CF61: Corridor | CH61: 0.19 | CJ61: Smooth | CK61: 0.0027 | CL61: 186.9 | CM61: 2928 | CN61: 898 | CO61: 0.9 | CP61: 0.7 | CQ61: 0.7 | CR61: Aluminum_Commercial_Fixtures_3mm | CS61: CalculatedEstimate | CT61: AluminumHandrailsAndDirectionalSignage | CV61: =CR61 -> Aluminum_Commercial_Fixtures_3mm | CW61: =CONCATENATE(CS61,CT61,CU61,CV61,"InternalMassDef") -> CalculatedEstimateAluminumHandrailsAndDirectionalSignageAluminum_Commercial_Fixtures_3mmInternalMassDef
A62: CS Courtroom | B62: =CONCATENATE(F62,"_",G62,"_",H62) -> 2025_AU_NCC | C62: Courthouse | D62: Courtroom | E62: Courthouse - courtroom | F62: 2025 | G62: AU | H62: NCC | I62: 153 | J62: 76 | K62: 0 | L62: =CONCATENATE(A62,"_",F62,G62,H62) -> CS Courtroom_2025AUNCC | M62: =CONCATENATE(L62,"ScheduleSet") -> CS Courtroom_2025AUNCCScheduleSet | N62: 14.285714 | O62: 70 | P62: 0.75347405 | Q62: 255.91 | R62: 75 | S62: 187.67 | T62: 55 | W62: 130 | X62: 0.57692308 | Y62: NCC S35C2n | Z62: Other applications (non-dining) | AC62: =CONCATENATE(Y62,Z62,AA62,AB62,"PeopleDef") -> NCC S35C2nOther applications (non-dining)PeopleDef | AD62: NECB-A-Occupancy | AE62: =CONCATENATE(A62,"Activity") -> CS CourtroomActivity | AF62: 5 | AG62: =AF62/2119 -> 0.0023596036 | AH62: 0.06 | AI62: =AH62*0.00508 -> 0.0003048 | AM62: Washington State Mechanical Code TABLE 403.3.1.1 | AN62: Public spaces_Courtrooms | AQ62: =CONCATENATE(AM62,AN62,AO62,AP62,"Vent") -> Washington State Mechanical Code TABLE 403.3.1.1Public spaces_CourtroomsVent | AR62: 0 | AS62: 0 | AT62: 0 | AU62: 0.5 | AV62: 0 | AW62: NCC S35C2l | AY62: Class 9b special (Other applications) - no equipment load per S35C2l; radiant/latent/lost fraction split retained from original WA/COMNET-REV9 source (AIRAH Technical Handbook does not publish this split) | AZ62: =CONCATENATE(AW62,AX62,AY62,A62,"ElectricalEquipDef") -> NCC S35C2lClass 9b special (Other applications) - no equipment load per S35C2l; radiant/latent/lost fraction split retained from original WA/COMNET-REV9 source (AIRAH Technical Handbook does not publish this split)CS CourtroomElectricalEquipDef | BA62: NECB-A-Electric-Equipment | BB62: 0.418064 | BC62: 4.5 | BD62: 0.37 | BE62: 0.2 | BF62: NCC J7D3a | BH62: Courtroom; radiant/visible fraction split retained from original WA/COMNET-REV9 source (AIRAH Technical Handbook does not publish this split) | BI62: =CONCATENATE(BF62,BG62,BH62,"LightingDef") -> NCC J7D3aCourtroom; radiant/visible fraction split retained from original WA/COMNET-REV9 source (AIRAH Technical Handbook does not publish this split)LightingDef | BJ62: NECB-A-Lighting | BW62: 0.7 | BY62: NCC S34C2(6) | BZ62: 0.7 ACH assumed as design infiltration for periods without mechanical outdoor air supply; NCC also specifies 0.35 ACH when mechanical OA is operating (to be applied via infiltration schedule once developed) | CB62: =CONCATENATE(CE62,"_",CF62) -> Space Function_Courthouse - courtroom | CC62: =CONCATENATE(BY62,BZ62,CA62,CB62,"Infil") -> NCC S34C2(6)0.7 ACH assumed as design infiltration for periods without mechanical outdoor air supply; NCC also specifies 0.35 ACH when mechanical OA is operating (to be applied via infiltration schedule once developed)Space Function_Courthouse - courtroomInfil | CD62: Always On | CE62: Space Function | CF62: Courthouse - courtroom | CH62: 0.84 | CJ62: MediumRough | CK62: 0.024 | CL62: 3.54 | CM62: 596 | CN62: 1580 | CO62: 0.9 | CP62: 0.7 | CQ62: 0.65 | CR62: Wood_Courtroom_Furniture_24mm | CS62: CalculatedEstimate | CT62: SolidHardwoodBenchesAndGallerySeating | CV62: =CR62 -> Wood_Courtroom_Furniture_24mm | CW62: =CONCATENATE(CS62,CT62,CU62,CV62,"InternalMassDef") -> CalculatedEstimateSolidHardwoodBenchesAndGallerySeatingWood_Courtroom_Furniture_24mmInternalMassDef
A63: CS Computer Room | B63: =CONCATENATE(F63,"_",G63,"_",H63) -> 2025_AU_NCC | C63: Office | D63: Computer Room | E63: Office IT_Room | F63: 2025 | G63: AU | H63: NCC | I63: 41 | J63: 31 | K63: 169 | L63: =CONCATENATE(A63,"_",F63,G63,H63) -> CS Computer Room_2025AUNCC | M63: =CONCATENATE(L63,"ScheduleSet") -> CS Computer Room_2025AUNCCScheduleSet | N63: 250 | O63: 4 | P63: 0.04305566 | Q63: 255.91 | R63: 75 | S63: 187.67 | T63: 55 | W63: 130 | X63: 0.57692308 | Y63: NCC S35C2n | Z63: Other applications (non-dining) | AC63: =CONCATENATE(Y63,Z63,AA63,AB63,"PeopleDef") -> NCC S35C2nOther applications (non-dining)PeopleDef | AD63: OfficeMedium BLDG_OCC_SCH | AE63: =CONCATENATE(A63,"Activity") -> CS Computer RoomActivity | AF63: 5 | AG63: =AF63/2119 -> 0.0023596036 | AH63: 0.06 | AI63: =AH63*0.00508 -> 0.0003048 | AM63: Washington State Mechanical Code TABLE 403.3.1.1 | AN63: Workrooms_Computer without printing | AQ63: =CONCATENATE(AM63,AN63,AO63,AP63,"Vent") -> Washington State Mechanical Code TABLE 403.3.1.1Workrooms_Computer without printingVent | AR63: 1.021933 | AS63: 11 | AT63: 0 | AU63: 0.5 | AV63: 0 | AW63: NCC S35C2l | AY63: Class 5 building; radiant/latent/lost fraction split retained from original WA/COMNET-REV9 source (AIRAH Technical Handbook does not publish this split) | AZ63: =CONCATENATE(AW63,AX63,AY63,A63,"ElectricalEquipDef") -> NCC S35C2lClass 5 building; radiant/latent/lost fraction split retained from original WA/COMNET-REV9 source (AIRAH Technical Handbook does not publish this split)CS Computer RoomElectricalEquipDef | BA63: OfficeMedium BLDG_EQUIP_SCH | BB63: 0.418064 | BC63: 4.5 | BD63: 0.37 | BE63: 0.2 | BF63: NCC J7D3a | BH63: Control room, switch room and the like - constant monitoring; radiant/visible fraction split retained from original WA/COMNET-REV9 source (AIRAH Technical Handbook does not publish this split) | BI63: =CONCATENATE(BF63,BG63,BH63,"LightingDef") -> NCC J7D3aControl room, switch room and the like - constant monitoring; radiant/visible fraction split retained from original WA/COMNET-REV9 source (AIRAH Technical Handbook does not publish this split)LightingDef | BJ63: OfficeMedium BLDG_LIGHT_SCH_2013 | BW63: 0.7 | BY63: NCC S34C2(6) | BZ63: 0.7 ACH assumed as design infiltration for periods without mechanical outdoor air supply; NCC also specifies 0.35 ACH when mechanical OA is operating (to be applied via infiltration schedule once developed) | CB63: =CONCATENATE(CE63,"_",CF63) -> Office_IT_Room | CC63: =CONCATENATE(BY63,BZ63,CA63,CB63,"Infil") -> NCC S34C2(6)0.7 ACH assumed as design infiltration for periods without mechanical outdoor air supply; NCC also specifies 0.35 ACH when mechanical OA is operating (to be applied via infiltration schedule once developed)Office_IT_RoomInfil | CD63: OfficeMedium INFIL_SCH_PNNL | CE63: Office | CF63: IT_Room | CH63: 1.62 | CJ63: MediumRough | CK63: 0.0022 | CL63: 59 | CM63: 4439 | CN63: 844 | CO63: 0.9 | CP63: 0.7 | CQ63: 0.65 | CR63: Steel_IT_Equipment_2mm | CS63: CalculatedEstimate | CT63: ITWorkstationsAndServerRack | CV63: =CR63 -> Steel_IT_Equipment_2mm | CW63: =CONCATENATE(CS63,CT63,CU63,CV63,"InternalMassDef") -> CalculatedEstimateITWorkstationsAndServerRackSteel_IT_Equipment_2mmInternalMassDef
A64: CS Dining Area - Penitentiary | B64: =CONCATENATE(F64,"_",G64,"_",H64) -> 2025_AU_NCC | C64: Penitentiary | D64: Dining Area | E64: Penitentiary - dining | F64: 2025 | G64: AU | H64: NCC | I64: 31 | J64: 169 | K64: 34 | L64: =CONCATENATE(A64,"_",F64,G64,H64) -> CS Dining Area - Penitentiary_2025AUNCC | M64: =CONCATENATE(L64,"ScheduleSet") -> CS Dining Area - Penitentiary_2025AUNCCScheduleSet | N64: 14.285714 | O64: 70 | P64: 0.75347405 | Q64: 272.97 | R64: 80 | S64: 272.97 | T64: 80 | W64: 160 | X64: 0.5 | Y64: NCC S35C2n | Z64: Dining room/restaurant/cafe | AC64: =CONCATENATE(Y64,Z64,AA64,AB64,"PeopleDef") -> NCC S35C2nDining room/restaurant/cafePeopleDef | AD64: NECB-B-Occupancy | AE64: =CONCATENATE(A64,"Activity") -> CS Dining Area - PenitentiaryActivity | AF64: 7.5 | AG64: =AF64/2119 -> 0.0035394054 | AH64: 0.18 | AI64: =AH64*0.00508 -> 0.0009144 | AM64: Washington State Mechanical Code TABLE 403.3.1.1 | AN64: Food and beverage service_Dining rooms | AQ64: =CONCATENATE(AM64,AN64,AO64,AP64,"Vent") -> Washington State Mechanical Code TABLE 403.3.1.1Food and beverage service_Dining roomsVent | AR64: 1.2629966 | AS64: 13.594896 | AT64: 0 | AU64: 0.5 | AV64: 0 | AW64: COMNET-REV9 | AY64: DOEPrototype | AZ64: =CONCATENATE(AW64,AX64,AY64,A64,"ElectricalEquipDef") -> COMNET-REV9DOEPrototypeCS Dining Area - PenitentiaryElectricalEquipDef | BA64: NECB-B-Electric-Equipment | BB64: 0.35 | BC64: 3.76737 | BD64: 0.37 | BE64: 0.2 | BF64: IECC Table C405.3.2(2) | BH64: Dining area - in a penitentiary; radiant/visible fraction split retained from original WA/COMNET-REV9 source | BI64: =CONCATENATE(BF64,BG64,BH64,"LightingDef") -> IECC Table C405.3.2(2)Dining area - in a penitentiary; radiant/visible fraction split retained from original WA/COMNET-REV9 sourceLightingDef | BJ64: NECB-B-Lighting | BW64: 0.7 | BY64: NCC S34C2(6) | BZ64: 0.7 ACH assumed as design infiltration for periods without mechanical outdoor air supply; NCC also specifies 0.35 ACH when mechanical OA is operating (to be applied via infiltration schedule once developed) | CB64: =CONCATENATE(CE64,"_",CF64) -> Space Function_Penitentiary - dining | CC64: =CONCATENATE(BY64,BZ64,CA64,CB64,"Infil") -> NCC S34C2(6)0.7 ACH assumed as design infiltration for periods without mechanical outdoor air supply; NCC also specifies 0.35 ACH when mechanical OA is operating (to be applied via infiltration schedule once developed)Space Function_Penitentiary - diningInfil | CD64: Always On | CE64: Space Function | CF64: Penitentiary - dining | CH64: 0.74 | CJ64: Smooth | CK64: 0.0027 | CL64: 42.6 | CM64: 7746 | CN64: 478 | CO64: 0.9 | CP64: 0.7 | CQ64: 0.7 | CR64: Steel_Security_Dining_3mm | CS64: CalculatedEstimate | CT64: FixedSteelTableBenchUnits | CV64: =CR64 -> Steel_Security_Dining_3mm | CW64: =CONCATENATE(CS64,CT64,CU64,CV64,"InternalMassDef") -> CalculatedEstimateFixedSteelTableBenchUnitsSteel_Security_Dining_3mmInternalMassDef
A65: CS Dining Area - Assisted Living | B65: =CONCATENATE(F65,"_",G65,"_",H65) -> 2025_AU_NCC | C65: Hotel/Motel | D65: Dining Area | E65: Hotel/Motel - dining | F65: 2025 | G65: AU | H65: NCC | I65: 31 | J65: 169 | K65: 34 | L65: =CONCATENATE(A65,"_",F65,G65,H65) -> CS Dining Area - Assisted Living_2025AUNCC | M65: =CONCATENATE(L65,"ScheduleSet") -> CS Dining Area - Assisted Living_2025AUNCCScheduleSet | N65: 14.285714 | O65: 70 | P65: 0.75347405 | Q65: 272.97 | R65: 80 | S65: 272.97 | T65: 80 | W65: 160 | X65: 0.5 | Y65: NCC S35C2n | Z65: Dining room/restaurant/cafe | AC65: =CONCATENATE(Y65,Z65,AA65,AB65,"PeopleDef") -> NCC S35C2nDining room/restaurant/cafePeopleDef | AD65: NECB-B-Occupancy | AE65: =CONCATENATE(A65,"Activity") -> CS Dining Area - Assisted LivingActivity | AF65: 7.5 | AG65: =AF65/2119 -> 0.0035394054 | AH65: 0.18 | AI65: =AH65*0.00508 -> 0.0009144 | AM65: Washington State Mechanical Code TABLE 403.3.1.1 | AN65: Food and beverage service_Dining rooms | AQ65: =CONCATENATE(AM65,AN65,AO65,AP65,"Vent") -> Washington State Mechanical Code TABLE 403.3.1.1Food and beverage service_Dining roomsVent | AR65: 0.464515 | AS65: 5 | AT65: 0 | AU65: 0.5 | AV65: 0 | AW65: NCC S35C2l | AY65: Class 6 cafe/restaurant (dining function, despite Class 3 host building); radiant/latent/lost fraction split retained from original WA/COMNET-REV9 source (AIRAH Technical Handbook does not publish this split) | AZ65: =CONCATENATE(AW65,AX65,AY65,A65,"ElectricalEquipDef") -> NCC S35C2lClass 6 cafe/restaurant (dining function, despite Class 3 host building); radiant/latent/lost fraction split retained from original WA/COMNET-REV9 source (AIRAH Technical Handbook does not publish this split)CS Dining Area - Assisted LivingElectricalEquipDef | BA65: NECB-B-Electric-Equipment | BB65: 1.300643 | BC65: 14 | BD65: 0.37 | BE65: 0.2 | BF65: NCC J7D3a | BH65: Restaurant, cafe, bar, hotel lounge...; radiant/visible fraction split retained from original WA/COMNET-REV9 source (AIRAH Technical Handbook does not publish this split) | BI65: =CONCATENATE(BF65,BG65,BH65,"LightingDef") -> NCC J7D3aRestaurant, cafe, bar, hotel lounge...; radiant/visible fraction split retained from original WA/COMNET-REV9 source (AIRAH Technical Handbook does not publish this split)LightingDef | BJ65: NECB-B-Lighting | BW65: 0.7 | BY65: NCC S34C2(6) | BZ65: 0.7 ACH assumed as design infiltration for periods without mechanical outdoor air supply; NCC also specifies 0.35 ACH when mechanical OA is operating (to be applied via infiltration schedule once developed) | CB65: =CONCATENATE(CE65,"_",CF65) -> Dining - family_WholeBuilding | CC65: =CONCATENATE(BY65,BZ65,CA65,CB65,"Infil") -> NCC S34C2(6)0.7 ACH assumed as design infiltration for periods without mechanical outdoor air supply; NCC also specifies 0.35 ACH when mechanical OA is operating (to be applied via infiltration schedule once developed)Dining - family_WholeBuildingInfil | CD65: Always On | CE65: Dining - family | CF65: WholeBuilding | CH65: 1.44 | CJ65: MediumRough | CK65: 0.0074 | CL65: 6.95 | CM65: 877 | CN65: 1320 | CO65: 0.9 | CP65: 0.7 | CQ65: 0.65 | CR65: Wood_Composite_Residential_7mm | CS65: CalculatedEstimate | CT65: ResidentialStyleDiningFurniture | CV65: =CR65 -> Wood_Composite_Residential_7mm | CW65: =CONCATENATE(CS65,CT65,CU65,CV65,"InternalMassDef") -> CalculatedEstimateResidentialStyleDiningFurnitureWood_Composite_Residential_7mmInternalMassDef
A66: CS Dining Area - Bar Lounge/Leisure | B66: =CONCATENATE(F66,"_",G66,"_",H66) -> 2025_AU_NCC | C66: Bar/Lounge | D66: Dining Area | E66: Dining - bar lounge/leisure | F66: 2025 | G66: AU | H66: NCC | I66: 31 | J66: 169 | K66: 34 | L66: =CONCATENATE(A66,"_",F66,G66,H66) -> CS Dining Area - Bar Lounge/Leisure _2025AUNCC | M66: =CONCATENATE(L66,"ScheduleSet") -> CS Dining Area - Bar Lounge/Leisure _2025AUNCCScheduleSet | N66: 10 | O66: 100 | P66: 1.0763915 | Q66: 272.97 | R66: 80 | S66: 272.97 | T66: 80 | W66: 160 | X66: 0.5 | Y66: NCC S35C2n | Z66: Dining room/restaurant/cafe | AC66: =CONCATENATE(Y66,Z66,AA66,AB66,"PeopleDef") -> NCC S35C2nDining room/restaurant/cafePeopleDef | AD66: NECB-B-Occupancy | AE66: =CONCATENATE(A66,"Activity") -> CS Dining Area - Bar Lounge/Leisure Activity | AF66: 7.5 | AG66: =AF66/2119 -> 0.0035394054 | AH66: 0.18 | AI66: =AH66*0.00508 -> 0.0009144 | AM66: Washington State Mechanical Code TABLE 403.3.1.1 | AN66: Food and beverage service_Bars_cocktail lounges | AQ66: =CONCATENATE(AM66,AN66,AO66,AP66,"Vent") -> Washington State Mechanical Code TABLE 403.3.1.1Food and beverage service_Bars_cocktail loungesVent | AR66: 0.464515 | AS66: 5 | AT66: 0.25 | AU66: 0.3 | AV66: 0 | AW66: NCC S35C2l | AY66: Class 6 cafe/restaurant; radiant/latent/lost fraction split retained from original WA/COMNET-REV9 source (AIRAH Technical Handbook does not publish this split) | AZ66: =CONCATENATE(AW66,AX66,AY66,A66,"ElectricalEquipDef") -> NCC S35C2lClass 6 cafe/restaurant; radiant/latent/lost fraction split retained from original WA/COMNET-REV9 source (AIRAH Technical Handbook does not publish this split)CS Dining Area - Bar Lounge/Leisure ElectricalEquipDef | BA66: NECB-B-Electric-Equipment | BB66: 1.300643 | BC66: 14 | BD66: 0.37 | BE66: 0.2 | BF66: NCC J7D3a | BH66: Restaurant, cafe, bar, hotel lounge...; radiant/visible fraction split retained from original WA/COMNET-REV9 source (AIRAH Technical Handbook does not publish this split) | BI66: =CONCATENATE(BF66,BG66,BH66,"LightingDef") -> NCC J7D3aRestaurant, cafe, bar, hotel lounge...; radiant/visible fraction split retained from original WA/COMNET-REV9 source (AIRAH Technical Handbook does not publish this split)LightingDef | BJ66: NECB-B-Lighting | BW66: 0.7 | BY66: NCC S34C2(6) | BZ66: 0.7 ACH assumed as design infiltration for periods without mechanical outdoor air supply; NCC also specifies 0.35 ACH when mechanical OA is operating (to be applied via infiltration schedule once developed) | CB66: =CONCATENATE(CE66,"_",CF66) -> Space Function_Dining - bar lounge/leisure | CC66: =CONCATENATE(BY66,BZ66,CA66,CB66,"Infil") -> NCC S34C2(6)0.7 ACH assumed as design infiltration for periods without mechanical outdoor air supply; NCC also specifies 0.35 ACH when mechanical OA is operating (to be applied via infiltration schedule once developed)Space Function_Dining - bar lounge/leisureInfil | CD66: Always On | CE66: Space Function | CF66: Dining - bar lounge/leisure | CH66: 1.79 | CJ66: MediumRough | CK66: 0.0028 | CL66: 9.72 | CM66: 2241 | CN66: 1189 | CO66: 0.9 | CP66: 0.7 | CQ66: 0.65 | CR66: Mixed_Commercial_BarLounge_3mm | CS66: CalculatedEstimate | CT66: BarCounterAndMixedSeating | CV66: =CR66 -> Mixed_Commercial_BarLounge_3mm | CW66: =CONCATENATE(CS66,CT66,CU66,CV66,"InternalMassDef") -> CalculatedEstimateBarCounterAndMixedSeatingMixed_Commercial_BarLounge_3mmInternalMassDef
